code_class_large,code_class_medium,code_class_small,code_group,child_code_group,product_name,note,industry_code,cpc,entry_no,entry_no_new
35,01,,,,锅炉及辅助设备,包括锅炉、锅炉辅助设备、锅炉及辅助设备零件、核反应堆及其零件,3511,,17673,17673
35,01,01,,,电站锅炉,指输出介质压力＞3.9MP的锅炉，蒸发量在900t/h及以上的发电用锅炉,3511,,17674,17674
35,01,01,01,00,超临界（超超临界）电站锅炉,,3511,42320,17675,17675
35,01,01,02,00,亚临界电站锅炉,,3511,42320,17676,17676
35,01,01,03,00,超高压电站锅炉,,3511,42320,17677,17677
35,01,01,04,00,高压电站锅炉,,3511,42320,17678,17678
35,01,01,05,00,中压电站锅炉,,3511,42320,17679,17679
35,01,01,06,00,低压电站锅炉,,3511,42320,17680,17680
35,01,02,,,工业锅炉,,3511,,17681,17681
35,01,02,01,,蒸汽锅炉,包括取暖用蒸汽锅炉,3511,,17682,17682
35,01,02,01,01,水管锅炉,,3511,42320,17683,17683
35,01,02,01,02,火管锅炉,即机车锅炉,3511,42320,17684,17684
35,01,02,01,03,混合式锅炉,,3511,42320,17685,17685
35,01,02,01,99,其他蒸汽锅炉,,3511,42320,17686,17686
35,01,02,02,,热水锅炉,包括只生产热水的取暖用锅炉,3511,,17687,17687
35,01,02,02,01,家用型集中供暖用热水锅炉,,3511,44825,17688,17688
35,01,02,02,99,其他热水锅炉,指其他集中供暖用热水锅炉,3511,44825,17689,17689
35,01,02,03,00,有机热载体锅炉,指以有机质作为热载体（工作介质）在供热系统中循环工作的锅炉,3511,42320,17690,17690
35,01,03,00,00,船用蒸汽锅炉,蒸发量在45t/h及以上的蒸汽锅炉,3511,42320,17691,17691
35,01,04,,,锅炉用辅助设备及装置,,3511,,17692,17692
35,01,04,01,,蒸汽冷凝器,包括水蒸汽或其他蒸汽动力装置的冷凝器包括合成洗涤剂生产用冷凝器,3511,,17693,17693
35,01,04,01,01,表面冷凝器,,3511,42330,17694,17694
35,01,04,01,02,混合式冷凝器,,3511,42330,17695,17695
35,01,04,01,03,空冷式冷凝器,,3511,42330,17696,17696
35,01,04,01,99,其他蒸汽冷凝器,,3511,42330,17697,17697
35,01,04,02,,锅炉用辅助设备,,3511,,17698,17698
35,01,04,02,01,节热器,,3511,42330,17699,17699
35,01,04,02,02,蒸汽收集器,,3511,42330,17700,17700
35,01,04,02,03,蓄能器,包括蒸汽储蓄器、热能储蓄器,3511,42330,17701,17701
35,01,04,02,04,烟垢清除器,指自动或非自动除灰器（吹灰器）,3511,42330,17702,17702
35,01,04,02,05,气体回收器,,3511,42330,17703,17703
35,01,04,02,06,泥渣刮除器,包括滑板式刮削器,3511,42330,17704,17704
35,01,04,02,07,空气预热器,,3511,42330,17705,17705
35,01,04,02,99,其他锅炉用辅助设备,包括过热器、管式炉壁等,3511,42330,17706,17706
35,01,05,,,锅炉及辅助设备零件,,3511,,17707,17707
35,01,05,01,00,蒸汽锅炉零件,,3511,42342,17708,17708
35,01,05,02,00,热水锅炉零件,指集中供暖用锅炉零件包括压力调节器及压力表、水准器、旋塞、龙头、燃烧器及类似的零件或附件,3511,44833,17709,17709
35,01,05,03,00,集中供暖用锅炉零件,,3511,42342,17710,17710
35,01,05,04,00,蒸汽锅炉辅助设备零件,,3511,42342,17711,17711
35,01,06,,,核反应堆及其零件,,3511,,17712,17712
35,01,06,01,00,核反应堆,,3511,42310,17713,17713
35,01,06,02,,核反应堆零件,,3511,,17714,17714
35,01,06,02,01,未辐照相关组件,,3511,42341,17715,17715
35,01,06,02,02,堆内构件,,3511,42341,17716,17716
35,01,06,02,99,其他核反应堆零件,,3511,42341,17717,17717
35,02,,,,发动机,,,,17718,17718
35,02,01,,,汽车用发动机,,3721,,17719,17719
35,02,01,01,,汽车用汽油发动机,指车用点燃往复式活塞内燃机,3721,,17720,17720
35,02,01,01,01,汽车用汽油发动机，排量≤1L,,3721,43121,17721,17721
35,02,01,01,02,汽车用汽油发动机，1L＜排量≤1.6L,,3721,43121,17722,17722
35,02,01,01,03,汽车用汽油发动机，1.6L＜排量≤2.0L,,3721,43121,17723,17723
35,02,01,01,04,汽车用汽油发动机，2.0L＜排量≤2.5L,,3721,43121,17724,17724
35,02,01,01,05,汽车用汽油发动机，2.5L＜排量≤3.0L,,3721,43121,17725,17725
35,02,01,01,06,汽车用汽油发动机，3.0L＜排量≤4.0L,,3721,43121,17726,17726
35,02,01,01,07,汽车用汽油发动机，排量＞4.0L,,3721,43122,17727,17727
35,02,01,02,,汽车用柴油发动机,指车用压燃往复式活塞内燃机,3721,,17728,17728
35,02,01,02,01,汽车用柴油发动机，P≥132.39kW（180hp）,,3721,43123,17729,17729
35,02,01,02,99,其他汽车用柴油发动机,,3721,43123,17730,17730
35,02,01,99,00,其他汽车用发动机,,3721,43122,17731,17731
35,02,02,,,航空器用发动机,包括飞机、其他航空器、航天器用发动机,3761,,17732,17732
35,02,02,01,,活塞式发动机,,3761,,17733,17733
35,02,02,01,01,星形发动机,,3761,43131,17734,17734
35,02,02,01,02,水平对置型发动机,,3761,43131,17735,17735
35,02,02,01,99,其他活塞式发动机,,3761,43131,17736,17736
35,02,02,02,,涡轮发动机,,3761,,17737,17737
35,02,02,02,01,涡轮喷气发动机,,3761,43132,17738,17738
35,02,02,02,02,涡轮风扇发动机,,3761,43132,17739,17739
35,02,02,02,03,涡轮螺桨发动机,,3761,43132,17740,17740
35,02,02,02,04,涡轮轴发动机,,3761,43132,17741,17741
35,02,02,02,99,其他涡轮发动机,,3761,43132,17742,17742
35,02,02,03,,喷气发动机,,3761,,17743,17743
35,02,02,03,01,冲压式发动机,,3761,43133,17744,17744
35,02,02,03,02,脉冲式发动机,,3761,43133,17745,17745
35,02,02,03,99,其他喷气发动机,,3761,43133,17746,17746
35,02,03,,,船舶用发动机,,3512,,17747,17747
35,02,03,01,,船舶用汽油发动机,指船舶用点燃式活塞内燃机,3512,,17748,17748
35,02,03,01,01,船用舷外发动机,,3512,43110,17749,17749
35,02,03,01,99,其他船舶用汽油发动机,指其他船舶用点燃式内燃机,3512,43110,17750,17750
35,02,03,02,,船舶用柴油发动机,指船舶用压燃式内燃发动机,3512,,17751,17751
35,02,03,02,01,船用低速柴油机,转速＜300r/min,3512,43110,17752,17752
35,02,03,02,02,船用中速柴油机,转速300～1000r/min,3512,43110,17753,17753
35,02,03,02,03,船用高速柴油机,转速＞1000r/min,3512,43110,17754,17754
35,02,04,,,摩托车用发动机,,3732,,17755,17755
35,02,04,01,,摩托车用汽油机,指车用往复活塞发动机,3732,,17756,17756
35,02,04,01,01,摩托车用汽油发动机，排量≤50mL,,3732,43121,17757,17757
35,02,04,01,02,摩托车用汽油发动机，50mL＜排量≤60mL,,3732,43121,17758,17758
35,02,04,01,03,摩托车用汽油发动机，60mL＜排量≤70mL,,3732,43121,17759,17759
35,02,04,01,04,摩托车用汽油发动机，70mL＜排量≤80mL,,3732,43121,17760,17760
35,02,04,01,05,摩托车用汽油发动机，80mL＜排量≤90mL,,3732,43121,17761,17761
35,02,04,01,06,摩托车用汽油发动机，90mL＜排量≤100mL,,3732,43121,17762,17762
35,02,04,01,07,摩托车用汽油发动机，100mL＜排量≤110mL,,3732,43121,17763,17763
35,02,04,01,08,摩托车用汽油发动机，110mL＜排量≤125mL,,3732,43121,17764,17764
35,02,04,01,09,摩托车用汽油发动机，125mL＜排量≤150mL,,3732,43121,17765,17765
35,02,04,01,10,摩托车用汽油发动机，150mL＜排量≤250mL,,3732,43121,17766,17766
35,02,04,01,11,摩托车用汽油发动机，250mL＜排量≤400mL,,3732,43121,17767,17767
35,02,04,01,12,摩托车用汽油发动机，400mL＜排量≤800mL,,3732,43121,17768,17768
35,02,04,01,13,摩托车用汽油发动机，排量＞800mL,,3732,43122,17769,17769
35,02,04,02,00,摩托车用柴油发动机,,3732,43123,17770,17770
35,02,05,,,发动机零部件,包括活塞、活塞环、活塞销、气缸套、气缸体、气缸盖、气缸垫、进气门、排气门、进气或排气歧管；连杆；轴瓦、化油器、曲轴、凸轮轴、滤清器、发动机起动电机及电动机、发动机冷却水泵及机油泵、增压器及中冷器、喷油泵、油嘴、发动机废气再循环装置、发动机废气后处理装置、电控高压共轨系统等,,,17771,17771
35,02,05,01,,汽油机零件,,,,17772,17772
35,02,05,01,01,飞机用活塞发动机零件,,3761,43152,17773,17773
35,02,05,01,02,船舶用汽油机零件,即船舶用点燃式活塞内燃发动机的零件,3512,43151,17774,17774
35,02,05,01,03,汽车用汽油发动机零件,,3721,43151,17775,17775
35,02,05,01,04,摩托车用汽油发动机零件,,3732,43151,17776,17776
35,02,05,01,99,其他汽油机零件,指其他点燃式活塞内燃发动机零件,3512,43151,17777,17777
35,02,05,02,,柴油机零件,,,,17778,17778
35,02,05,02,01,船舶用柴油机零件,,3512,43151,17779,17779
35,02,05,02,02,机车用柴油机零件,,3512,43151,17780,17780
35,02,05,02,03,汽车用柴油发动机零件,,3721,43151,17781,17781
35,02,05,02,04,摩托车用柴油发动机零件,,3732,43151,17782,17782
35,02,05,02,99,其他柴油机零件,,3512,43151,17783,17783
35,02,05,03,,涡轮发动机零件,,3512,,17784,17784
35,02,05,03,01,涡轮喷气发动机零件,,3512,43155,17785,17785
35,02,05,03,02,涡轮螺桨发动机零件,,3512,43155,17786,17786
35,02,05,99,00,其他发动机零部件,包括代用内燃机零件和混合动力内燃机零件,3512,43156,17787,17787
35,02,99,,,其他发动机,,3512,,17788,17788
35,02,99,01,,点燃式活塞内燃机,除汽油内燃机以外的点燃式活塞内燃发动机,3512,,17789,17789
35,02,99,01,01,沼气发动机,,3512,43110,17790,17790
35,02,99,01,99,其他点燃式活塞内燃发动机,除车用、摩托车用以外各种用途的点燃式内燃发动机,3512,43110,17791,17791
35,02,99,99,00,其他未列明发动机,,3512,43133,17792,17792
35,03,,,,汽轮机、燃气轮机,,3513,,17793,17793
35,03,01,,,汽轮机,,3513,,17794,17794
35,03,01,01,00,船舶动力用汽轮机,,3513,43141,17795,17795
35,03,01,02,,电站用汽轮机,,3513,,17796,17796
35,03,01,02,01,电站用汽轮机，输出功率≤40MW,,3513,43141,17797,17797
35,03,01,02,02,电站用汽轮机，40MW＜输出功率≤100MW,,3513,43141,17798,17798
35,03,01,02,03,电站用汽轮机，100MW＜输出功率≤350MW,,3513,43141,17799,17799
35,03,01,02,04,电站用汽轮机，输出功率＞350MW,,3513,43141,17800,17800
35,03,01,03,,工业用汽轮机,,3513,,17801,17801
35,03,01,03,01,工业用汽轮机，输出功率≤40MW,,3513,43141,17802,17802
35,03,01,03,02,工业用汽轮机，40MW＜输出功率≤100MW,,3513,43141,17803,17803
35,03,01,03,03,工业用汽轮机，100MW＜输出功率≤350MW,,3513,43141,17804,17804
35,03,01,03,04,工业用汽轮机，输出功率＞350MW,,3513,43141,17805,17805
35,03,01,99,,其他用汽轮机,,3513,,17806,17806
35,03,01,99,01,其他用汽轮机，输出功率＜40MW,,3513,43141,17807,17807
35,03,01,99,02,其他用汽轮机，40MW＜输出功率≤100MW,,3513,43141,17808,17808
35,03,01,99,03,其他用汽轮机，100MW＜输出功率≤350MW,,3513,43141,17809,17809
35,03,01,99,04,其他用汽轮机，输出功率＞350MW,,3513,43141,17810,17810
35,03,02,,,燃气轮机,包括专供工业用的燃气轮机设备，也包括具有除为飞机提供动力之外的其他用途的涡轮喷气发动机、涡轮风扇发动机或涡轮螺桨发动机,3513,,17811,17811
35,03,02,01,,发电用燃气轮机,,3513,,17812,17812
35,03,02,01,01,发电用燃气轮机，P≤5000kW,,3513,43143,17813,17813
35,03,02,01,02,发电用燃气轮机，P＞5000kW,,3513,43143,17814,17814
35,03,02,02,,船舶用燃气轮机,,3513,,17815,17815
35,03,02,02,01,船舶用燃气轮机，P≤5000kW,,3513,43143,17816,17816
35,03,02,02,02,船舶用燃气轮机，P＞5000kW,,3513,43143,17817,17817
35,03,02,03,,机车用燃气轮机,,3513,,17818,17818
35,03,02,03,01,机车用燃气轮机，P≤5000kW,,3513,43143,17819,17819
35,03,02,03,02,机车用燃气轮机，P＞5000kW,,3513,43143,17820,17820
35,03,02,99,,其他用燃气轮机,,3513,,17821,17821
35,03,02,99,01,其他用燃气轮机，P≤5000kW,,3513,43143,17822,17822
35,03,02,99,02,其他用燃气轮机，P＞5000kW,,3513,43143,17823,17823
35,03,03,,,汽轮机、燃气轮机零件,,3513,,17824,17824
35,03,03,01,00,汽轮机零件,包括汽轮机转子、定子及其部件；转子轮叶或定子叶片,3513,43153,17825,17825
35,03,03,02,00,涡轮轴发动机用零件,,3513,43156,17826,17826
35,03,03,99,00,其他燃气轮机零件,包括燃气轮机的转子、涡轮喷气发动机的零件（定子环，不论是否带叶片；转子圆盘或轮子，不论是否带翅片；叶片及翅片）、燃料供给调节器、燃料喷嘴,3513,43156,17827,17827
35,04,,,,水轮机及辅机,,3514,,17828,17828
35,04,01,,,水轮机,包括水轮机、水轮及辅机,3514,,17829,17829
35,04,01,01,00,电站水轮机,,3514,43142,17830,17830
35,04,01,02,,混流式水轮机,,3514,,17831,17831
35,04,01,02,01,混流式水轮机，P≤1000kW,,3514,43142,17832,17832
35,04,01,02,02,混流式水轮机，1000kW＜P≤10000kW,,3514,43142,17833,17833
35,04,01,02,03,混流式水轮机，10000kW＜P≤100000kW,,3514,43142,17834,17834
35,04,01,02,04,混流式水轮机，100000kW＜P≤300000kW,,3514,43142,17835,17835
35,04,01,02,05,混流式水轮机，P＞300000kW,,3514,43142,17836,17836
35,04,01,03,,轴流式水轮机,,3514,,17837,17837
35,04,01,03,01,轴流式水轮机，P≤1000kW,,3514,43142,17838,17838
35,04,01,03,02,轴流式水轮机，1000kW＜P≤10000kW,,3514,43142,17839,17839
35,04,01,03,03,轴流式水轮机，10000kW＜P≤100000kW,,3514,43142,17840,17840
35,04,01,03,04,轴流式水轮机，P＞100000kW,,3514,43142,17841,17841
35,04,01,04,,冲击式水轮机,含斜击式水轮机,3514,,17842,17842
35,04,01,04,01,冲击式水轮机，P≤1000kW,,3514,43142,17843,17843
35,04,01,04,02,冲击式水轮机，1000kW＜P≤10000kW,,3514,43142,17844,17844
35,04,01,04,03,冲击式水轮机，10000kW＜P≤30000kW,,3514,43142,17845,17845
35,04,01,04,04,冲击式水轮机，P＞30000kW,,3514,43142,17846,17846
35,04,01,05,,贯流式水轮机,,3514,,17847,17847
35,04,01,05,01,贯流式水轮机，P≤1000kW,,3514,43142,17848,17848
35,04,01,05,02,贯流式水轮机，1000kW＜P≤10000kW,,3514,43142,17849,17849
35,04,01,05,03,贯流式水轮机，10000kW＜P≤35000kW,,3514,43142,17850,17850
35,04,01,05,04,贯流式水轮机，P＞35000kW,,3514,43142,17851,17851
35,04,01,06,,水泵水轮机,,3514,,17852,17852
35,04,01,06,01,水泵水轮机，P≤1000kW,,3514,43142,17853,17853
35,04,01,06,02,水泵水轮机，1000kW＜P≤10000kW,,3514,43142,17854,17854
35,04,01,06,03,水泵水轮机，10000kW＜P≤200000kW,,3514,43142,17855,17855
35,04,01,06,04,水泵水轮机，P＞200000kW,,3514,43142,17856,17856
35,04,01,99,,其他水轮机,,3514,,17857,17857
35,04,01,99,01,其他水轮机，P≤1000kW,,3514,43142,17858,17858
35,04,01,99,02,其他水轮机，1000kW＜P≤10000kW,,3514,43142,17859,17859
35,04,01,99,03,其他水轮机，P＞10000kW,,3514,43142,17860,17860
35,04,02,,,水轮机零件,包括水轮零件,3514,,17861,17861
35,04,02,01,00,水轮机调节器,指可按其类型自动调节水流或者自动调节转子或定子各种倾斜角度的调节器,3514,43154,17862,17862
35,04,02,99,00,其他水轮机零件,包括水轮机及水轮的转子、定子、定子或转子的叶片、螺旋导管的壳套、调节器的阀针,3514,43154,17863,17863
35,05,,,,非电力相关原动机,,3519,,17864,17864
35,05,01,00,00,潮汐能源原动机,,3519,43212,17865,17865
35,05,02,00,00,风力提水机组,风力发电机组见“390201发电机组”,3519,43212,17866,17866
35,05,03,00,00,风力发动机（风车）,,3519,43212,17867,17867
35,05,04,00,00,太阳能源原动机,,3519,43212,17868,17868
35,05,99,00,00,其他非电力相关原动机,,3519,43212,17869,17869
35,06,,,,金属切削机床,本类及下面各个类别均包括数控机床,3521,,17870,17870
35,06,01,00,00,加工中心,全部为数控机床,3521,44212,17871,17871
35,06,02,00,00,组合机床,,3521,44212,17872,17872
35,06,03,,,特种加工机床,,3521,,17873,17873
35,06,03,01,00,激光，相关光子束加工机床,包括激光、其他光及光子束加工机床，如激光切割机、激光雕刻机、激光焊接机等,3521,44211,17874,17874
35,06,03,02,00,超声波加工机床,包括超声抛光机,3521,44211,17875,17875
35,06,03,03,,放电加工机床,包括切割、成形、打孔、展成、磨等,3521,,17876,17876
35,06,03,03,01,线切割加工机床,全部为数控,3521,44211,17877,17877
35,06,03,03,02,成形加工机床,,3521,44211,17878,17878
35,06,03,03,03,小孔加工机床,,3521,44211,17879,17879
35,06,03,03,99,其他放电加工机床,,3521,44211,17880,17880
35,06,03,04,00,干法蚀刻半导体材料加工机床,指用干法蚀刻半导体材料的加工机床,3521,44211,17881,17881
35,06,03,05,00,化学、电化学（电解）加工机床,指利用化学或等电化学法进行加工的机床,3521,44211,17882,17882
35,06,03,06,00,离子束加工机床,包括等离子弧切割机,3521,44211,17883,17883
35,06,03,07,00,电子束加工机床,,3521,44211,17884,17884
35,06,03,08,00,快速成形加工机床,,3521,44211,17885,17885
35,06,03,09,00,高压水射流加工机床,全部为数控,3521,44211,17886,17886
35,06,03,99,00,其他特种加工机床,包括磁磨料、磁脉冲等加工机床,3521,44211,17887,17887
35,06,04,,,车床,指切削金属的车床,3521,,17888,17888
35,06,04,01,,卧式车床,,3521,44213,17889,17889
35,06,04,01,01,重型卧式车床,,3521,44213,17890,17890
35,06,04,01,99,其他卧式车床,,3521,44213,17891,17891
35,06,04,02,,立式车床,,3521,44213,17892,17892
35,06,04,02,01,重型立式车床,,3521,44213,17893,17893
35,06,04,02,99,其他立式车床,,3521,44213,17894,17894
35,06,04,99,00,其他车床,包括转塔（或回转）车床,3521,44213,17895,17895
35,06,05,,,钻床,不包括台钻,3521,,17896,17896
35,06,05,01,00,立式钻床,,3521,44214,17897,17897
35,06,05,02,00,龙门式钻床,,3521,44214,17898,17898
35,06,05,03,00,摇臂钻床,,3521,44214,17899,17899
35,06,05,04,00,深孔钻床,,3521,44214,17900,17900
35,06,05,99,00,其他钻床,包括深孔钻床和未注明的钻床,3521,44214,17901,17901
35,06,06,,,镗床,,3521,,17902,17902
35,06,06,01,00,坐标镗床,,3521,44214,17903,17903
35,06,06,02,00,立式镗床,,3521,44214,17904,17904
35,06,06,03,00,卧式镗床,,3521,44214,17905,17905
35,06,06,04,00,落地式铣镗床,,3521,44214,17906,17906
35,06,06,05,00,龙门式铣镗床,,3521,44214,17907,17907
35,06,06,99,00,其他镗床,包括深孔镗床、精镗床及未列明的镗床,3521,44214,17908,17908
35,06,07,,,铣床,,3521,,17909,17909
35,06,07,01,00,升降台式铣床,,3521,44214,17910,17910
35,06,07,02,00,龙门铣床,包括龙门镗铣床,3521,44214,17911,17911
35,06,07,03,00,床身铣床,,3521,44214,17912,17912
35,06,07,04,00,成形铣床,,3521,44214,17913,17913
35,06,07,05,00,钻铣床,,3521,44214,17914,17914
35,06,07,99,00,其他铣床,,3521,44214,17915,17915
35,06,08,,,螺纹加工机床,不包括组合头钻床,3521,,17916,17916
35,06,08,01,00,螺纹车床,,3521,44215,17917,17917
35,06,08,02,00,螺纹铣床,,3521,44215,17918,17918
35,06,08,99,00,其他螺纹加工机床,,3521,44215,17919,17919
35,06,09,,,磨床,不包括砂轮机、抛光机,3521,,17920,17920
35,06,09,01,00,平面磨床,,3521,44216,17921,17921
35,06,09,02,00,导轨磨床,,3521,44216,17922,17922
35,06,09,03,00,外圆磨床,,3521,44216,17923,17923
35,06,09,04,00,内圆磨床,,3521,44216,17924,17924
35,06,09,05,00,坐标磨床,,3521,44216,17925,17925
35,06,09,06,00,立式磨床,,3521,44216,17926,17926
35,06,09,07,00,曲轴、凸轮磨床,,3521,44216,17927,17927
35,06,09,08,00,轧辊磨床,,3521,44216,17928,17928
35,06,09,09,00,工具磨床,,3521,44216,17929,17929
35,06,09,10,00,金属珩磨机床,,3521,44216,17930,17930
35,06,09,11,00,金属研磨机床,,3521,44216,17931,17931
35,06,09,99,00,其他磨床,包括端面磨床、无心磨床等,3521,44216,17932,17932
35,06,10,,,刨床,,3521,,17933,17933
35,06,10,01,00,龙门刨床,,3521,44216,17934,17934
35,06,10,99,00,其他刨床,,3521,44216,17935,17935
35,06,11,00,00,插床,,3521,44216,17936,17936
35,06,12,00,00,拉床,,3521,44216,17937,17937
35,06,13,,,齿轮加工机床,,3521,,17938,17938
35,06,13,01,00,滚齿机,,3521,44216,17939,17939
35,06,13,02,00,插齿机,,3521,44216,17940,17940
35,06,13,03,00,磨齿机,,3521,44216,17941,17941
35,06,13,04,00,珩齿机,,3521,44216,17942,17942
35,06,13,05,00,剃齿机,,3521,44216,17943,17943
35,06,13,06,00,成形铣齿机,,3521,44216,17944,17944
35,06,13,07,00,成形磨齿机,,3521,44216,17945,17945
35,06,13,99,00,其他齿轮加工机床,,3521,44216,17946,17946
35,06,14,,,锯床,,3521,,17947,17947
35,06,14,01,00,弓锯床,采用圆锯片为刀具的锯切机床,3521,44216,17948,17948
35,06,14,02,00,圆锯床,采用带锯条为刀具的锯切机床,3521,44216,17949,17949
35,06,14,03,00,带锯床,,3521,44216,17950,17950
35,06,14,04,00,砂轮锯床,采用片砂轮为刀具的锯切机床,3521,44216,17951,17951
35,06,14,99,00,其他锯床,,3521,44216,17952,17952
35,06,15,00,00,直线移动式动力头机床,指没有底座，仅配有动力机支架及刀杆，另外配有导轨，以便放置在合适的底座上时可来回移动工件插入独立于直线移动式动力头钻床的工件夹具中，由直线移动式动力头钻床作水平来回移动，进行钻孔、镗削等加工活动的机床,3521,44214,17953,17953
35,06,99,00,00,其他金属切削机床,,3521,44216,17954,17954
35,07,,,,金属成形机床,本类及下面各个类别均包含数控机床,3522,,17955,17955
35,07,01,,,锻造机及冲压机,包括机械式、液压式或气压式锻锤以及蒸汽锻锤,3522,,17956,17956
35,07,01,01,00,自由锻锤,,3522,44217,17957,17957
35,07,01,02,00,模锻锤,,3522,44217,17958,17958
35,07,01,03,00,自由锻液压机,,3522,44217,17959,17959
35,07,01,04,00,模锻压机,,3522,44217,17960,17960
35,07,01,05,00,多向模锤压机,,3522,44217,17961,17961
35,07,01,06,00,金属挤压机,,3522,44217,17962,17962
35,07,01,07,00,金属滚压机,,3522,44217,17963,17963
35,07,01,08,00,金属辊锻机,,3522,44217,17964,17964
35,07,01,09,,模锻机械压力机,,3522,,17965,17965
35,07,01,09,01,热模锻压力机,,3522,44217,17966,17966
35,07,01,09,02,摩擦螺旋压力机,,3522,44217,17967,17967
35,07,01,09,03,电动螺旋压力机,,3522,44217,17968,17968
35,07,01,09,04,离合器式螺旋压力机,,3522,44217,17969,17969
35,07,01,09,05,平锻机,,3522,44217,17970,17970
35,07,01,09,06,高速热镦锻机,不含螺钉螺帽镦锻机,3522,44217,17971,17971
35,07,01,09,07,高速冷温镦锻机,不含螺钉螺帽镦锻机,3522,44217,17972,17972
35,07,01,09,08,标准件镦锻成形机,,3522,44217,17973,17973
35,07,01,09,09,楔横轧机,,3522,44217,17974,17974
35,07,01,09,10,冷温锻压力机,,3522,44217,17975,17975
35,07,01,10,,切边压力机,,3522,,17976,17976
35,07,01,10,01,液压切边压力机,,3522,44217,17977,17977
35,07,01,10,02,机械式切边压力机,,3522,44217,17978,17978
35,07,01,11,00,粉末成形压力机,,3522,44217,17979,17979
35,07,01,99,00,其他锻造机及冲压机,,3522,44217,17980,17980
35,07,02,,,金属加工压力机,,3522,,17981,17981
35,07,02,01,00,液压式压力机,,3522,44217,17982,17982
35,07,02,02,,机械式压力机,,3522,,17983,17983
35,07,02,02,01,开式机械式压力机,,3522,44217,17984,17984
35,07,02,02,99,其他机械式压力机,,3522,44217,17985,17985
35,07,02,03,00,气压式压力机,,3522,44217,17986,17986
35,07,03,,,弯曲、折叠、矫直或矫平机床,包括弯曲、折叠、矫直、矫平、矫正机床,3522,,17987,17987
35,07,03,01,00,折弯机,,3522,44217,17988,17988
35,07,03,02,00,折叠机,,3522,44217,17989,17989
35,07,03,03,00,矫直机床,,3522,44217,17990,17990
35,07,03,04,00,矫平机,,3522,44217,17991,17991
35,07,03,05,00,矫正机,,3522,44217,17992,17992
35,07,03,99,00,其他弯曲、折叠、矫直或矫平机床,,3522,44217,17993,17993
35,07,04,00,00,剪切机床,,3522,44217,17994,17994
35,07,05,00,00,冲床,,3522,44217,17995,17995
35,07,06,00,00,冲孔机床,,3522,44217,17996,17996
35,07,07,00,00,开槽机床,,3522,44217,17997,17997
35,07,99,,,其他金属成形机床,,3522,,17998,17998
35,07,99,01,00,金属螺纹滚轧机（滚丝机）,,3522,44217,17999,17999
35,07,99,02,00,旋压螺纹机床,,3522,44217,18000,18000
35,07,99,03,00,旋压车床,,3522,44217,,18001
35,07,99,99,00,其他未列明金属成形机床,,3522,44217,18001,18002
35,08,,,,金属非切削、成形加工机械,国外称为“低值机床”；本类及下面各个类别均包含数控产品,3529,,18002,18003
35,08,01,00,00,砂轮机,,3529,44216,18003,18004
35,08,02,00,00,抛光机床,指用磨石、磨料或抛光材料对金属进行精加工的机床,3529,44216,18004,18005
35,08,03,00,00,台钻,,3529,44216,18005,18006
35,08,04,,,切断机,,3529,,18006,18007
35,08,04,01,00,摩擦切断机,用于加工金属的砂线、砂带，不含电动工具类,3529,44216,18007,18008
35,08,04,02,00,砂轮切断机,用于加工金属，不含电动工具类,3529,44216,18008,18009
35,08,04,99,00,其他切断机,用于加工金属，不含电动工具类,3529,44216,18009,18010
35,08,05,,,金属拉拔机,包括金属杆、型材、异型材、丝等的拉拔机，不含管棒材拉拔机,3529,,18010,18011
35,08,05,01,00,金属冷拔管机,,3529,44218,18011,18012
35,08,05,02,00,金属拔丝机,,3529,44218,18012,18013
35,08,05,99,00,其他金属拉拔机,,3529,44218,18013,18014
35,08,06,00,00,金属丝加工机,,3529,44218,18014,18015
35,08,07,00,00,旋锻机,,3529,44218,18015,18016
35,08,08,00,00,软管加工机,,3529,44218,18017,18017
35,08,99,00,00,其他金属非切削、成形加工机械,,3529,44218,18019,18018
35,09,,,,数控机床及加工机械,,,,18020,18019
35,09,01,,,数控金属切削机床,本类及下面各个类别均属于金属切削机床及各个类别的其中项,3521,,18021,18020
35,09,01,01,,加工中心（数控）,,3521,,18022,18021
35,09,01,01,01,立式加工中心,,3521,44212,18023,18022
35,09,01,01,02,卧式加工中心,,3521,44212,18024,18023
35,09,01,01,03,超重型龙门式加工中心,重量100t以上,3521,44212,18025,18024
35,09,01,01,04,重型龙门式加工中心,重量30～100t，含100t,3521,44212,18026,18025
35,09,01,01,05,大型龙门式加工中心,重量10～30t，含30t,3521,44212,18027,18026
35,09,01,01,06,中小型龙门式加工中心,重量10t及以下,3521,44212,18028,18027
35,09,01,01,99,其他加工中心,,3521,44212,18029,18028
35,09,01,02,00,数控组合机床,,3521,44212,18030,18029
35,09,01,03,,数控特种加工机床,,3521,,18031,18030
35,09,01,03,01,数控激光，相关光子束加工机床,包括数控激光切割机、数控激光雕刻机、数控激光焊接机等,3521,44211,18032,18031
35,09,01,03,02,数控超声波加工机床,,3521,44211,18033,18032
35,09,01,03,03,数控电火花成形加工机床,,3521,44211,18034,18033
35,09,01,03,04,数控电火花线切割加工机床,包括单向走丝数控电火花线切割机床、双向走丝数控电火花线切割机床,3521,44211,18035,18034
35,09,01,03,05,数控电火花小孔加工机床,,3521,44211,18036,18035
35,09,01,03,06,数控相关放电加工机床,,3521,44211,18037,18036
35,09,01,03,07,数控化学、电化学（电解）加工机床,,3521,44211,18038,18037
35,09,01,03,08,数控离子束加工机床,包括数控等离子弧切割机床,3521,44211,18039,18038
35,09,01,03,09,数控电子束加工机床,,3521,44211,18040,18039
35,09,01,03,10,数控快速成形加工机床,,3521,44211,18041,18040
35,09,01,03,11,数控高压水射流切割机床,,3521,44211,18042,18041
35,09,01,03,99,其他数控特种加工机床,,3521,44211,18043,18042
35,09,01,04,,数控车床,指切削金属的车床,3521,,18044,18043
35,09,01,04,01,数控超重型卧式车床,包括重量在100t以上的数控卧式车床、卧式车削中心,3521,44213,18045,18044
35,09,01,04,02,数控重型卧式车床,包括重量在30～100t，含100t的数控卧式车床、卧式车削中心,3521,44213,18046,18045
35,09,01,04,03,数控大型卧式车床,包括重量在10～30t，含30t的数控卧式车床、卧式车削中心,3521,44213,18047,18046
35,09,01,04,04,数控中小型卧式车床,包括重量在10t以下，不含10t的数控卧式车床、卧式车削中心,3521,44213,18048,18047
35,09,01,04,05,数控超重型立式车床,包括重量在100t以上的数控立式车床、立式车削中心,3521,44213,18049,18048
35,09,01,04,06,数控重型立式车床,包括重量在30～100t，含100t的数控立式车床、立式车削中心,3521,44213,18050,18049
35,09,01,04,07,数控大型立式车床,包括重量在10～30t，含30t的数控立式车床、立式车削中心,3521,44213,18051,18050
35,09,01,04,08,数控中小型立式车床,包括重量在10t以下，不含10t的数控立式车床、立式车削中心,3521,44213,18052,18051
35,09,01,04,99,其他数控车床,,3521,44213,18053,18052
35,09,01,05,,数控钻床,不包括台钻,3521,,18054,18053
35,09,01,05,01,数控立式钻床,,3521,44214,18055,18054
35,09,01,05,02,数控龙门式钻床,,3521,44214,18056,18055
35,09,01,05,03,数控摇臂钻床,,3521,44214,18057,18056
35,09,01,05,04,数控深孔钻床,,3521,44214,18058,18057
35,09,01,05,05,钻削中心,,3521,44214,18059,18058
35,09,01,05,99,其他数控钻床,,3521,44214,18060,18059
35,09,01,06,,数控镗床,,3521,,18061,18060
35,09,01,06,01,数控坐标镗床,,3521,44214,18062,18061
35,09,01,06,02,数控立式镗床,,3521,44214,18063,18062
35,09,01,06,03,数控卧式镗床,,3521,44214,18064,18063
35,09,01,06,04,数控超重型落地式铣镗床,重量在100t以上,3521,44214,18065,18064
35,09,01,06,05,数控重型落地式铣镗床,重量在30～100t，含100t,3521,44214,18066,18065
35,09,01,06,06,数控大型落地式铣镗床,重量在10～30t，含30t,3521,44214,18067,18066
35,09,01,06,99,其他数控镗床,,3521,44214,18068,18067
35,09,01,07,,数控铣床,,3521,,18069,18068
35,09,01,07,01,数控升降台式铣床,,3521,44214,18070,18069
35,09,01,07,02,数控超重型龙门铣床,重量在100t以上,3521,44214,18071,18070
35,09,01,07,03,数控重型龙门铣床,重量在30～100t，含100t,3521,44214,18072,18071
35,09,01,07,04,数控大型龙门铣床,重量在10～30t，含30t,3521,44214,18073,18072
35,09,01,07,05,数控床身铣床,,3521,44214,18074,18073
35,09,01,07,06,数控钻铣床,,3521,44214,18075,18074
35,09,01,07,07,数控成形铣床,,3521,44214,18076,18075
35,09,01,07,99,其他数控铣床,,3521,44214,18077,18076
35,09,01,08,,数控螺纹加工机床,不包括组合头铣床,3521,,18078,18077
35,09,01,08,01,数控螺纹车床,,3521,44215,18079,18078
35,09,01,08,02,数控螺纹铣床,,3521,44215,18080,18079
35,09,01,08,03,数控螺纹磨床,,3521,44215,18081,18080
35,09,01,08,99,其他数控螺纹加工机床,,3521,44215,18082,18081
35,09,01,09,,数控磨床,不包括砂轮机、抛光机,3521,,18083,18082
35,09,01,09,01,数控平面磨床,,3521,44216,18084,18083
35,09,01,09,02,数控导轨磨床,全部为数控重型,3521,44216,18085,18084
35,09,01,09,03,数控外圆磨床,,3521,44216,18086,18085
35,09,01,09,04,数控内圆磨床,,3521,44216,18087,18086
35,09,01,09,05,数控坐标磨床,,3521,44216,18088,18087
35,09,01,09,06,数控成形磨床,,3521,44216,18089,18088
35,09,01,09,07,数控曲轴、凸轮磨床,,3521,44216,18090,18089
35,09,01,09,08,数控轧辊磨床,,3521,44216,18091,18090
35,09,01,09,09,数控工具机床,,3521,44216,18092,18091
35,09,01,09,10,数控金属珩磨机床,,3521,44216,18093,18092
35,09,01,09,11,数控金属研磨机床,,3521,44216,18094,18093
35,09,01,09,99,其他数控磨床,,3521,44216,18095,18094
35,09,01,10,,数控刨床,,3521,,18096,18095
35,09,01,10,01,数控龙门刨床,,3521,44216,18097,18096
35,09,01,10,99,其他数控刨床,,3521,44216,18098,18097
35,09,01,11,00,数控插床,,3521,44216,18099,18098
35,09,01,12,00,数控拉床,,3521,44216,18100,18099
35,09,01,13,,数控齿轮加工机床,,3521,,18101,18100
35,09,01,13,01,数控超重型滚齿机,重量在100t以上,3521,44216,18102,18101
35,09,01,13,02,数控重型滚齿机,重量在30～100t，含100t,3521,44216,18103,18102
35,09,01,13,03,数控大型滚齿机,重量在10～30t，含30t,3521,44216,18104,18103
35,09,01,13,04,数控中小型滚齿机,重量在10t以下，不含10t,3521,44216,18105,18104
35,09,01,13,05,数控插齿机,,3521,44216,18106,18105
35,09,01,13,06,数控磨齿机,,3521,44216,18107,18106
35,09,01,13,07,数控珩齿机,,3521,44216,18108,18107
35,09,01,13,08,数控剃齿机,,3521,44216,18109,18108
35,09,01,13,99,其他数控齿轮加工机床,,3521,44216,18110,18109
35,09,01,14,,数控锯床,,3521,,18111,18110
35,09,01,14,01,数控弓锯床,,3521,44216,18112,18111
35,09,01,14,02,数控圆锯床,,3521,44216,18113,18112
35,09,01,14,03,数控带锯床,,3521,44216,18114,18113
35,09,01,14,04,数控砂轮锯床,,3521,44216,18115,18114
35,09,01,14,99,其他数控锯床,,3521,44216,18116,18115
35,09,01,99,00,其他数控金属切削机床,,3521,44216,18117,18116
35,09,02,,,数控金属成形机床（数控锻压设备）,本类及下面各类别均属于金属成形机床及各类别的其中项,3522,,18118,18117
35,09,02,01,,数控锻造机及冲压机,包括机械式、液压式或气压式锻锤以及蒸汽锻锤,3522,,18119,18118
35,09,02,01,01,数控自由锻锤,,3522,44217,18120,18119
35,09,02,01,02,数控模锻锤,,3522,44217,18121,18120
35,09,02,01,03,数控自由锻液压机,,3522,44217,18122,18121
35,09,02,01,04,数控模锻压机,,3522,44217,18123,18122
35,09,02,01,05,数控多向模锤压机,,3522,44217,18124,18123
35,09,02,01,06,数控液压挤压机,,3522,44217,18125,18124
35,09,02,01,07,数控机械式挤压机,,3522,44217,18126,18125
35,09,02,01,08,数控金属滚压机,,3522,44217,18127,18126
35,09,02,01,09,数控金属辊锻机,,3522,44217,18128,18127
35,09,02,01,99,其他数控锻造机及冲压机,,3522,44217,18129,18128
35,09,02,02,,数控金属加工压力机,,3522,,18130,18129
35,09,02,02,01,数控重型液压式压力机,公称力12000kN以上,3522,44217,18131,18130
35,09,02,02,02,数控大型液压式压力机,公称力6300～12000kN，含12000kN,3522,44217,18132,18131
35,09,02,02,03,数控中型液压式压力机,公称力2500～6300kN，含6300kN,3522,44217,18133,18132
35,09,02,02,04,数控小型液压式压力机,公称力2500kN以下，不含2500kN,3522,44217,18134,18133
35,09,02,02,05,数控重型闭式机械式压力机,公称力12000kN以上,3522,44217,18135,18134
35,09,02,02,06,数控大型闭式机械式压力机,公称力6300～12000kN，含12000kN,3522,44217,18136,18135
35,09,02,02,07,数控中型闭式机械式压力机,公称力2500～6300kN，含6300kN,3522,44217,18137,18136
35,09,02,02,08,数控小型闭式机械式压力机,公称力2500kN以下，不含2500kN,3522,44217,18138,18137
35,09,02,02,09,数控气压式压力机,,3522,44217,18139,18138
35,09,02,02,99,其他数控金属加工压力机,,3522,44217,18140,18139
35,09,02,03,,数控弯曲、折叠、矫直或矫平机床,包括弯曲、折叠、矫直、矫平、矫正机床,3522,,18141,18140
35,09,02,03,01,数控折弯机,,3522,44217,18142,18141
35,09,02,03,02,数控折叠机,,3522,44217,18143,18142
35,09,02,03,03,数控矫直机床,,3522,44217,18144,18143
35,09,02,03,04,数控矫平机,,3522,44217,18145,18144
35,09,02,03,05,数控矫正机,,3522,44217,18146,18145
35,09,02,03,99,其他数控弯曲、折叠、矫直或矫平机床,,3522,44217,18147,18146
35,09,02,04,,数控剪切机床,,3522,,18148,18147
35,09,02,04,01,数控板带纵剪机床,,3522,44217,18149,18148
35,09,02,04,02,数控板带横剪机床,,3522,44217,18150,18149
35,09,02,04,99,其他数控剪切机床,,3522,44217,18151,18150
35,09,02,05,,数控冲床,,3522,,18152,18151
35,09,02,05,01,数控转塔冲床,,3522,44217,18153,18152
35,09,02,05,02,高速数控冲床,,3522,44217,18154,18153
35,09,02,05,99,其他数控冲床,,3522,44217,18155,18154
35,09,02,06,,数控冲孔机床,,3522,,18156,18155
35,09,02,06,01,自动模式数控步冲压力机,,3522,44217,18157,18156
35,09,02,06,99,其他数控冲孔机床,,3522,44217,18158,18157
35,09,02,07,00,数控开槽机床,,3522,44217,18159,18158
35,09,02,08,00,数控旋压螺纹机床,,3522,44217,18160,18159
35,09,02,09,00,数控旋压车床,,3522,44217,,18160
35,09,02,99,00,其他数控金属成形机床,,3522,44217,18161,18161
35,09,03,,,机床数控系统,,3529,44212,18169,18169
35,09,03,01,00,机床数控装置,基于计算机硬件平台的以控制设备进行复杂加工的系统，其主控单元与伺服驱动单元间有严格的匹配要求,3529,44212,18170,18170
35,09,03,02,,数控机床用伺服驱动单元,,3529,,18171,18171
35,09,03,02,01,主轴伺服驱动单元,包括交流同步、交流异步和直流伺服驱动,3529,44212,18172,18172
35,09,03,02,02,进给伺服驱动单元,包括交流同步、交流异步、直流和步进伺服驱动,3529,44212,18173,18173
35,09,03,03,,数控机床用电机,,3912,,18174,18174
35,09,03,03,01,主轴电机,包括永磁交流同步、交流异步和直流电机,3912,4611,18175,18175
35,09,03,03,02,伺服电机,包括永磁交流同步、交流异步、直流、步进、力矩和直线电机,3912,4611,18176,18176
35,10,,,,机床附件及辅助装置,包括金属切削机床、金属成形加工机床、其他金属加工机床附件、零件,,,18177,18177
35,10,01,,,工具夹具,,3525,,18178,18178
35,10,01,01,,卡盘,,3525,,18179,18179
35,10,01,01,01,自动定心卡盘,,3525,44251,18180,18180
35,10,01,01,02,单动卡盘,,3525,44251,18181,18181
35,10,01,01,03,动力卡盘,,3525,44251,18182,18182
35,10,01,02,,夹头,,3525,,18183,18183
35,10,01,02,01,钻夹头,,3525,44251,18184,18184
35,10,01,02,02,丝锥夹头,,3525,44251,18185,18185
35,10,01,02,03,弹簧夹头,,3525,44251,18186,18186
35,10,01,02,04,铣夹头,,3525,44251,18187,18187
35,10,01,03,00,车床刀架,,3525,44251,18188,18188
35,10,01,04,00,砂轮架,,3525,44251,18189,18189
35,10,01,05,00,铣头、插头、镗头,,3525,44251,18190,18190
35,10,01,06,00,刀杆（刀柄）,包括数控机床或加工中心用刀杆和工具系统,3525,44251,18191,18191
35,10,01,07,,回转工作台,包括六角车床转台,3525,,18192,18192
35,10,01,07,01,机械回转工作台,,3525,44251,18193,18193
35,10,01,07,99,其他回转工作台,,3525,44251,18194,18194
35,10,01,08,00,自启板牙切头,包括手提工具用,3525,44251,18195,18195
35,10,01,99,00,其他工具夹具,,3525,44251,18196,18196
35,10,02,,,工件夹具,,3525,,18197,18197
35,10,02,01,00,顶尖,包括回转顶尖,3525,44251,18198,18198
35,10,02,02,00,夹盘及其卡爪,各种机械式或气动式车床夹盘及其卡爪,3525,44251,18199,18199
35,10,02,03,00,吸盘,,3525,44251,18200,18200
35,10,02,04,,虎钳,包括固定、旋转或可调节的虎钳,3525,44251,18201,18201
35,10,02,04,01,普通虎钳,指传统类虎钳,3525,44251,18202,18202
35,10,02,04,02,多联组合虎钳,指数控机床使用的多联组合虎钳类产品,3525,44251,18203,18203
35,10,02,99,00,其他工件夹具,,3525,44251,18204,18204
35,10,03,,,特殊辅助装置,指专用于机床的辅助装置,3525,,18205,18205
35,10,03,01,,分度头,,3525,,18206,18206
35,10,03,01,01,机械分度头,,3525,44251,18207,18207
35,10,03,01,02,数控分度头,,3525,44251,18208,18208
35,10,03,02,00,定心或校平装置,,3525,44251,18209,18209
35,10,03,03,00,仿形装置,包括电气或电子操作的，用于自动按样复制产品,3525,44251,18210,18210
35,10,03,99,00,其他特殊辅助装置,包括用于车削凹槽或球面等的辅助装置、测微刀架制动器、排屑器、卧交换铣镗头、变径套、刀架空位装置等,3525,44251,18211,18211
35,10,04,,,数控机床功能部件,,3525,,18212,18212
35,10,04,01,00,电主轴,,3525,44251,18213,18213
35,10,04,02,00,机械主轴,,3525,44251,18214,18214
35,10,04,03,,数控刀架,,3525,44251,18215,18215
35,10,04,03,01,普通数控刀架,指依机械传动的数控刀架,3525,44251,18216,18216
35,10,04,03,02,电机直驱数控刀架,指依DDR电机直接驱动数控刀架,3525,44251,18217,18217
35,10,04,04,,数控动力刀架,,3525,44251,18218,18218
35,10,04,04,01,普通数控动力刀架,指依机械传动的数控动力刀架,3525,44251,18219,18219
35,10,04,04,02,电机直驱动力刀架,指依DDR电机直接驱动的数控动力刀架,3525,44251,18220,18220
35,10,04,04,03,B轴动力刀架,指可绕B轴转角度的数控动力刀架,3525,44251,18221,18221
35,10,04,05,00,刀库及换刀机构,,3525,44251,18222,18222
35,10,04,06,,数控铣头,,3525,44251,18223,18223
35,10,04,06,01,数控镗铣头,大型的带有固定联接盘式的大规格数控镗铣头,3525,44251,18224,18224
35,10,04,06,02,数控刀柄铣头,不带固定联接盘、仅依刀柄连接的小型铣头,3525,44251,18225,18225
35,10,04,06,03,电机直驱数控铣头,指依DDR电机直驱的各类铣头，如摆动铣头,3525,44251,18226,18226
35,10,04,07,,数控转台,,3525,44251,18227,18227
35,10,04,07,01,机械传动数控转台,指依机械传动的数控回转工作台,3525,44251,18228,18228
35,10,04,07,02,电机直驱数控转台,指依DDR电机直接驱动的数控回转工作台,3525,44251,18229,18229
35,10,04,08,00,数控平旋盘,主要包括带固定联接盘式（大型的）和不带固定联接盘式（小型的）,3525,44251,18230,18230
35,10,04,09,00,导轨防护装置,,3525,44251,18231,18231
35,10,04,10,00,滚珠丝杠副,,3525,44251,18232,18232
35,10,04,11,00,滚动导轨副,,3525,44251,18233,18233
35,10,04,12,00,直线导轨副,,3525,44251,18234,18234
35,10,04,13,00,滚动花键副,,3525,44251,18235,18235
35,10,05,,,金属加工机床零件,,,,18236,18236
35,10,05,01,00,金属切削机床用零件,,3521,44251,18237,18237
35,10,05,02,00,金属成形机床用零件,,3522,44251,18238,18238
35,10,05,99,00,其他金属加工机床用零件,,3522,44251,18239,18239
35,10,99,00,00,其他机床附件及辅助装置,,3525,44251,,
35,11,,,,焊接设备,,3524,,18240,18240
35,11,01,,,电焊机,包括电焊机及装置,3524,,18241,18241
35,11,01,01,,电弧焊接机,,3524,,18242,18242
35,11,01,01,01,自动半自动电弧焊接机,,3524,44240,18243,18243
35,11,01,01,99,其他电弧焊接机,,3524,44240,18244,18244
35,11,01,02,,等离子弧焊接机,,3524,,18245,18245
35,11,01,02,01,自动半自动等离子弧焊接机,,3524,44240,18246,18246
35,11,01,02,99,其他等离子弧焊接机,,3524,44240,18247,18247
35,11,01,03,,电阻焊接机,,3524,,18248,18248
35,11,01,03,01,自动半自动电阻焊接机,,3524,44240,18249,18249
35,11,01,03,99,其他电阻焊接机,,3524,44240,18250,18250
35,11,01,04,,电子束焊接机,,3524,,18251,18251
35,11,01,04,01,自动半自动电子束焊接机,,3524,44240,18252,18252
35,11,01,04,99,其他电子束焊接机,,3524,44240,18253,18253
35,11,01,05,,激光焊接机,,3524,,18254,18254
35,11,01,05,01,自动半自动激光焊接机,,3524,44240,18255,18255
35,11,01,05,99,其他激光焊接机,,3524,44240,18256,18256
35,11,01,06,,摩擦焊接机,,3524,,18257,18257
35,11,01,06,01,自动半自动摩擦焊接机,,3524,44240,18258,18258
35,11,01,06,99,其他摩擦焊接机,,3524,44240,18259,18259
35,11,01,07,,超声波焊接机,,3524,,18260,18260
35,11,01,07,01,自动半自动超声波焊接机,,3524,44240,18261,18261
35,11,01,07,99,其他超声波焊接机,,3524,44240,18262,18262
35,11,01,08,,金属感应焊接机,,3524,,18263,18263
35,11,01,08,01,自动半自动金属感应焊接机,,3524,44240,18264,18264
35,11,01,08,99,其他金属感应焊接机,,3524,44240,18265,18265
35,11,01,09,,热塑性材料焊接机,,3524,,18266,18266
35,11,01,09,01,自动半自动热塑性材料焊接机,,3524,44240,18267,18267
35,11,01,09,99,其他热塑性材料焊接机,,3524,44240,18268,18268
35,11,01,99,,其他电焊机,包括真空扩散焊接机,3524,,18269,18269
35,11,01,99,01,其他自动半自动电焊机,,3524,44240,18270,18270
35,11,01,99,99,其他未列明电焊机,,3524,44240,18271,18271
35,11,02,,,气体焊接机械,指利用气体焊接金属用的器具包括表面回火机,3524,,18272,18272
35,11,02,01,00,气焊机,,3524,44240,18273,18273
35,11,02,02,,手提喷焊器,,3524,,18274,18274
35,11,02,02,01,高压喷焊器,,3524,44240,18275,18275
35,11,02,02,02,低压喷焊器,,3524,44240,18276,18276
35,11,02,03,00,表面回火机,指气体加温表面回火机器装置,3524,44240,18277,18277
35,11,02,99,00,其他气体焊接机械,,3524,44240,18278,18278
35,11,03,,,钎焊机械,包括软钎焊、硬钎焊或其他熔焊机械,3524,,18279,18279
35,11,03,01,00,钎焊机,包括软钎焊机、硬钎焊机,3524,44240,18280,18280
35,11,03,02,00,钎焊烙铁,,3524,44240,18281,18281
35,11,03,03,00,焊枪,,3524,44240,18282,18282
35,11,03,99,00,其他钎焊机械,指其他钎焊机及装置,3524,44240,18283,18283
35,11,04,,,焊接设备用零件,,3524,,18284,18284
35,11,04,01,00,气体焊接机械零件,,3524,44255,18285,18285
35,11,04,02,00,电焊机零件,,3524,44255,18286,18286
35,11,04,03,00,钎焊机零件,,3429,44255,18287,18287
35,12,,,,轻小型起重设备,指结构轻巧、动作简单，作业范围投影以点线为主，可在狭小场合升降或移动重物的简易起重设备及器具；包括起重滑车、手动葫芦、电动葫芦、普通卷扬机、千斤顶、汽车举升机、单轨小车及类似设备等,3530,,18288,18288
35,12,01,00,00,起重滑车,指用于起吊物品，带有吊钩、链环或吊环的滑轮组；包括单轮、双轮、三轮及其他多轮滑车等通用滑车及林业滑车等,3530,43510,18289,18289
35,12,02,,,手动葫芦,指由人力通过环链与链轮或板柄驱动链条或钢丝绳，以带动重物升降或运动的起重工具,3530,,18290,18290
35,12,02,01,00,手拉葫芦,,3530,43510,18291,18291
35,12,02,02,00,手扳葫芦,,3530,43510,18292,18292
35,12,02,03,00,电动式手拉葫芦,指以电机来替代手拉的一种新型手拉葫芦，又称为电动提升机,3530,43510,18293,18293
35,12,02,99,00,其他手动葫芦,,3530,43510,18294,18294
35,12,03,,,电动葫芦,指由电机或其他动力驱动，通过起升机构卷筒装置或链轮卷放钢丝绳或链条以升降重物的简易起重设备,3530,,18295,18295
35,12,03,01,00,钢丝绳电动葫芦,,3530,43510,18296,18296
35,12,03,02,00,环链电动葫芦,,3530,43510,18297,18297
35,12,03,03,00,板链电动葫芦,,3530,43510,18298,18298
35,12,03,04,00,气动及液压葫芦,指以压缩空气或高压液体作动力源的环链葫芦,3530,43510,18299,18299
35,12,03,05,00,单相微型电动葫芦,指采用单相电流（110V或220V），额定起重量1000kg以下的电动葫芦,3530,43510,18300,18300
35,12,03,99,00,其他电动葫芦,,3530,43510,18301,18301
35,12,04,,,卷扬机及绞盘,指由动力或人力驱动卷筒，通过挠性件起升、运移重物的简易起重装置；一般不包括矿山井下专用的卷扬机,3530,,18302,18302
35,12,04,01,00,卷绕式卷扬机（绞车）,,3530,43510,18303,18303
35,12,04,02,00,摩擦式卷扬机（绞车）,,3530,43510,18304,18304
35,12,04,03,00,绞盘,,3530,43510,18305,18305
35,12,04,04,00,手动卷扬机（绞车）,,3530,43510,18306,18306
35,12,04,99,00,其他卷扬机,,3530,43510,18307,18307
35,12,05,,,千斤顶,指利用高压油或机械传动，使刚性承载件在小行程内顶举或提升重物的起重工具,3530,,18308,18308
35,12,05,01,,油压千斤顶,,3530,,18309,18309
35,12,05,01,01,立式油压千斤顶,,3530,43510,18310,18310
35,12,05,01,02,分离式油压千斤顶,,3530,43510,18311,18311
35,12,05,01,99,其他油压千斤顶,,3530,43510,18312,18312
35,12,05,02,,机械千斤顶,,3530,,18313,18313
35,12,05,02,01,螺旋千斤顶,,3530,43510,18314,18314
35,12,05,02,02,齿条千斤顶,,3530,43510,18315,18315
35,12,05,02,99,其他机械千斤顶,,3530,43510,18316,18316
35,12,05,99,00,其他千斤顶,,3530,43510,18317,18317
35,12,06,,,汽车举升机,,3530,,18318,18318
35,12,06,01,00,液压式汽车举升机,,3530,43510,18319,18319
35,12,06,02,00,机械式汽车举升机,,3530,43510,18320,18320
35,12,06,99,00,其他汽车举升机,,3530,43510,18321,18321
35,12,07,00,00,单轨（猫头）小车,指具有2轮或4轮，能带物品或起重葫芦及物品沿悬挂单轨行走的简易小车，与工字梁单轨配套使用，包括手推、手链、电动小车等,3530,43510,18322,18322
35,12,08,00,00,轻小型起重设备配套件,指专用配套的附（配）件,3530,43570,18323,18323
35,12,99,00,00,其他轻小型起重设备,包括举升机车车辆的架车机等,3530,43510,18324,18324
35,13,,,,起重机,指具有起升、变幅或回转、行走等主要工作机构，使悬挂在起重吊钩或其他取物装置上的重物，在空间垂直升降和水平移动的周期性装卸作业机械,3530,,18325,18325
35,13,01,,,桥式起重机,指具有桥架结构梁，桥架两端通过行走装置直接支承在高架轨道上，取物装置悬挂在可沿桥架运行的起重小车或起重葫芦上的起重机,3530,,18326,18326
35,13,01,01,00,通用桥式起重机,指通常采用双梁（或单主梁）结构、起重小车及通用吊具（吊钩、抓斗、电磁等）的电动桥式起重机,3530,43520,18327,18327
35,13,01,02,00,电动葫芦梁式起重机,指采用电动葫芦，在单根工字梁或简单组合梁运行的简易桥式起重机，包括电动单梁、电动单梁悬挂及防爆型等,3530,43520,18328,18328
35,13,01,03,,冶金起重机,指在冶金、热加工生产过程中，采用特殊取物装置，直接参与某一特定工艺流程的电动桥式起重机,3530,,18329,18329
35,13,01,03,01,铸造起重机,,3530,43520,18330,18330
35,13,01,03,02,加料起重机,,3530,43520,18331,18331
35,13,01,03,03,脱锭起重机,,3530,43520,18332,18332
35,13,01,03,04,板坯起重机,,3530,43520,18333,18333
35,13,01,03,05,夹钳起重机,,3530,43520,18334,18334
35,13,01,03,06,料耙起重机,,3530,43520,18335,18335
35,13,01,03,07,揭盖起重机,,3530,43520,18336,18336
35,13,01,03,08,锻造起重机,,3530,43520,18337,18337
35,13,01,03,09,淬火起重机,,3530,43520,18338,18338
35,13,01,03,10,电解起重机,,3530,43520,18339,18339
35,13,01,03,99,其他冶金起重机,,3530,43520,18340,18340
35,13,01,04,,专用桥式起重机,指特殊用途桥式起重机,3530,,18341,18341
35,13,01,04,01,核电站桥式起重机,,3530,43520,18342,18342
35,13,01,04,02,防爆桥式起重机,,3530,43520,18343,18343
35,13,01,04,03,桥式堆垛起重机,,3530,43520,18344,18344
35,13,01,04,99,其他专用桥式起重机,,3530,43520,18345,18345
35,13,01,05,00,手动桥（梁）式起重机,,3530,43520,18346,18346
35,13,01,99,00,其他桥式起重机,,3530,43520,18347,18347
35,13,02,,,门式起重机（龙门起重机）,指具有桥架结构梁，桥架两端通过两侧支腿支承在地面轨道或地基上，取物装置悬挂在可沿桥架运行的起重小车或葫芦小车上的桥架型起重机；包括半门式起重机,3530,,18348,18348
35,13,02,01,00,通用门式起重机,,3530,43520,18349,18349
35,13,02,02,00,水电站门式起重机,,3530,43520,18350,18350
35,13,02,03,00,造船用门式起重机,,3530,43520,18351,18351
35,13,02,04,00,轮胎式集装箱门式起重机,指行走装置采用轮胎支承在地基上的集装箱专用的门式起重机，港口俗称场桥,3530,43520,18352,18352
35,13,02,05,00,轨道式集装箱门式起重机,,3530,43520,18353,18353
35,13,02,06,00,手动门式起重机,,3530,43520,18354,18354
35,13,02,99,00,其他门式起重机,包括带臂架小车或司机室小车的门式起重机,3530,43520,18355,18355
35,13,03,,,装卸桥,指小车运行及提升速度大，跨度大运行距离长，生产效率高并以抓斗为主的一类门式起重机,3530,,18356,18356
35,13,03,01,00,通用抓斗装卸桥,,3530,43520,18357,18357
35,13,03,02,00,抓斗卸船起重机,指岸边抓斗装卸桥，俗称桥式抓斗卸船机、抓斗卸船机、桥机,3530,43520,18358,18358
35,13,03,03,00,岸边集装箱装卸桥,指岸边集装箱起重机，俗称岸桥,3530,43520,18359,18359
35,13,03,99,00,其他装卸桥,包括带臂架小车的装卸桥等,3530,43520,18360,18360
35,13,04,00,00,缆索起重机,,3530,43520,18361,18361
35,13,05,,,门座起重机,指具有起重臂架和门型座架结构，取物装置悬挂在臂架顶端，可沿地面轨道运行的可回转的臂架型起重机,3530,,18362,18362
35,13,05,01,,港口门座起重机,,3530,,18363,18363
35,13,05,01,01,通用门座起重机,,3530,43520,18364,18364
35,13,05,01,02,带斗门座起重机,,3530,43520,18365,18365
35,13,05,01,03,集装箱门座起重机,,3530,43520,18366,18366
35,13,05,01,04,多用途门座起重机,,3530,43520,18367,18367
35,13,05,01,99,其他港口门座起重机,,3530,43520,18368,18368
35,13,05,02,00,造船门座起重机,,3530,43520,18369,18369
35,13,05,03,00,建筑门座起重机,,3530,43520,18370,18370
35,13,05,99,00,其他门座式起重机,,3530,43520,18371,18371
35,13,06,,,塔式起重机,指起重臂架安装在垂直塔身顶部，取物装置悬挂在可沿臂架运行的起重小车上的可回转的臂架型起重机,3530,,18372,18372
35,13,06,01,00,轨道式塔式起重机,,3530,43520,18373,18373
35,13,06,02,00,固定塔式起重机,,3530,43520,18374,18374
35,13,06,03,00,自升式塔式起重机,,3530,43520,18375,18375
35,13,06,04,00,轮式塔式起重机,,3530,43520,18376,18376
35,13,06,05,00,履带式塔式起重机,,3530,43520,18377,18377
35,13,06,99,00,其他塔式起重机,,3530,43520,18378,18378
35,13,07,,,流动式起重机,指工作场所经常变换，能在带载或空载情况下沿无轨路面运行，依靠自保持稳定的臂架型起重机,3530,,18379,18379
35,13,07,01,,轮式起重机,指装有轮胎供运行的流动式起重机,3530,,18380,18380
35,13,07,01,01,汽车起重机,指安装在专用或通用汽车底盘上，具有汽车行驶性能的流动式起重机,3530,43520,18381,18381
35,13,07,01,02,轮胎起重机,指安装在特制轮胎底盘供运行的流动式起重机包括通用轮胎式、高架集装箱轮胎起重机等,3530,43520,18382,18382
35,13,07,01,03,越野轮胎起重机,指具有越野性能的轮胎起重机,3530,43520,18383,18383
35,13,07,01,04,全地（路）面起重机,指具有汽车起重机和越野轮胎起重机主要功能的流动式起重机,3530,43520,18384,18384
35,13,07,01,99,其他轮式起重机,,3530,43520,18385,18385
35,13,07,02,00,履带式起重机,,3530,43520,18386,18386
35,13,07,03,00,特殊底盘起重机,指安装的运行装置既非轮胎又非履带的流动式起重机,3530,43520,18387,18387
35,13,07,04,00,随车起重机,指加装在载重车辆上，用于装卸之用的臂架起重机，不含车辆,3530,43520,18388,18388
35,13,07,99,00,其他流动式起重机,,3530,43520,18389,18389
35,13,08,00,00,桅杆起重机及甲板起重机,包括船舶起重机、船用升降机、电动起货机等,3530,43520,18390,18390
35,13,09,,,悬臂起重机,,3530,,18391,18391
35,13,09,01,00,柱式臂架起重机,,3530,43520,18392,18392
35,13,09,02,00,壁上起重机,,3530,43520,18393,18393
35,13,09,03,00,平衡起重机,,3530,43520,18394,18394
35,13,09,99,00,其他悬臂起重机,,3530,43520,18395,18395
35,13,10,,,移动式吊运架,,3530,,18396,18396
35,13,10,01,00,胶轮移动式吊运架,,3530,43520,18397,18397
35,13,10,99,00,其他移动式吊运架,,3530,43520,18398,18398
35,13,11,00,00,铁路起重机,,3530,43520,18399,18399
35,13,12,00,00,浮式起重机,,3530,43520,18400,18400
35,13,13,00,00,起重机专用配套件,指专用配套附（配）件，包括抓斗、吊具、索具、夹轨器、缓冲器等,3530,43570,18401,18401
35,13,99,00,00,其他起重机,包括浮式起重机（自航、非自航、驳船式等）、铁路起重机等,3530,43520,18402,18402
35,14,,,,工业车辆,指用于工业企业内部，进行装卸、堆跺或短距离搬运、牵引、顶推等作业的无轨车辆,3530,,18403,18403
35,14,01,,,电动（起升）车辆,指采用货叉或其他取物装置，以高能蓄电池作动力，对成件货物进行装卸、堆垛、短距离搬运作业的无轨起升车辆，俗称电动叉车,3530,,18404,18404
35,14,01,01,00,电动平衡重乘驾式叉车,包括站立操纵叉车等,3530,43530,18405,18405
35,14,01,02,00,电动乘驾式仓储叉车,包括高起升堆垛叉车、货叉、门架前移叉车、侧面和多向叉车、低起升托盘搬运车、高起升拣选车等,3530,43530,18406,18406
35,14,01,03,00,电动步行式仓储车辆,包括高起升堆垛叉车、货叉前移叉车、低起升托盘搬运车、地面拣选车等,3530,43530,18407,18407
35,14,01,99,00,其他电动车辆,,3530,43530,18408,18408
35,14,02,,,内燃叉车,指采用货叉或其他属具、以内燃机作动力，对成件货物进行装卸、堆垛、短距离搬运作业的无轨高起升车辆,3530,,18409,18409
35,14,02,01,00,内燃室内叉车,,3530,43530,18410,18410
35,14,02,02,00,标准内燃平衡重式叉车,,3530,43530,18411,18411
35,14,02,03,00,集装箱叉车,包括空箱叉车、重箱叉车,3530,43530,18412,18412
35,14,02,04,00,集装箱正面吊运机,指伸缩臂架安装在专用底盘上，专门用于集装箱装卸、堆垛、短距离搬运作业的无轨车辆；包括空箱、重箱正面吊运机、多式吊运机等,3530,43530,18413,18413
35,14,02,05,00,内燃侧面式叉车,,3530,43530,18414,18414
35,14,02,99,00,其他内燃叉车,,3530,43530,18415,18415
35,14,03,00,00,越野叉车,,3530,43530,18416,18416
35,14,04,,,短距离牵引车,,3530,,18417,18417
35,14,04,01,00,电动牵引车,,3530,43530,18418,18418
35,14,04,02,00,内燃牵引车,,3530,43530,18419,18419
35,14,04,99,00,其他短距离牵引车,包括推顶车,3530,43530,18420,18420
35,14,05,,,短距离固定平台搬运车,,3530,,18421,18421
35,14,05,01,00,电动固定平台搬运车（电瓶车）,,3530,43530,18422,18422
35,14,05,02,00,内燃固定平台搬运车,,3530,43530,18423,18423
35,14,05,03,00,电动游览车,,3530,43530,18424,18424
35,14,05,99,00,其他短距离固定平台搬运车,,3530,43530,18425,18425
35,14,06,,,跨运车（跨车）,,3530,,18426,18426
35,14,06,01,00,集装箱跨运车,,3530,43520,18427,18427
35,14,06,99,00,其他跨运车,,3530,43520,18428,18428
35,14,07,,,手动搬运车、堆跺车、拣选车,,3530,,18429,18429
35,14,07,01,00,手动托盘搬运车,,3530,43530,18430,18430
35,14,07,02,00,手动平台搬运车,,3530,43530,18431,18431
35,14,07,03,00,手动托盘堆跺车,也称手动叉车,3530,43530,18432,18432
35,14,07,04,00,手动液压油桶搬运车,,3530,43530,18433,18433
35,14,07,05,00,手推拣选车,,3530,43530,18434,18434
35,14,07,99,00,其他手动搬运车,,3530,43530,18435,18435
35,14,08,00,00,自动导向小车,,3530,43530,18436,18436
35,14,09,00,00,工业车辆专用配套件,指专用配套附（配）件，包括专用夹具、货叉、托盘等,3530,43530,18437,18437
35,14,99,00,00,其他工业车辆,,3530,43530,18438,18438
35,15,,,,连续搬运设备,指在同一方向上，按照规定的线路连续或间歇地运送或装卸散状物料和成件物品的搬运设备及其专门配套件；　主要包括输送机械、装卸机械、给料机械等三类产品及其专门配套件,3530,,18439,18439
35,15,01,,,输送机械（输送机和提升机）,指在同一方向上，连续或间断地沿预定的线路上输送散状物料和成件物品的搬运设备,3530,,18440,18440
35,15,01,01,,斗式提升输送机,,3530,,18441,18441
35,15,01,01,01,带式斗式提升机,,3530,43550,18442,18442
35,15,01,01,02,链斗式提升机,,3530,43550,18443,18443
35,15,01,01,99,其他斗式提升输送机,,3530,43550,18444,18444
35,15,01,02,,带式输送机,指以输送带作为承载和牵引件的连续输送机,3530,,18445,18445
35,15,01,02,01,固定通用带式输送机,,3530,43550,18446,18446
35,15,01,02,02,移动带式输送机,,3530,43550,18447,18447
35,15,01,02,03,件货专用固定带式输送机,包括特轻型、钢带带式输送机等,3530,43550,18448,18448
35,15,01,02,04,波状挡边带式输送机,,3530,43550,18449,18449
35,15,01,02,05,气垫带式输送机,,3530,43550,18450,18450
35,15,01,02,06,井巷（下）专用带式输送机,,3530,43550,18451,18451
35,15,01,02,07,管状带式输送机,,3530,43550,18452,18452
35,15,01,02,99,其他带式输送机,,3530,43550,18453,18453
35,15,01,03,,刮板输送机,指物料在料槽中借牵引构件上的刮板拽运的连续输送机；不包括，埋刮板输送机，板式输送机等产品,3530,,18454,18454
35,15,01,03,01,高刮板输送机,,3530,43550,18455,18455
35,15,01,03,02,管式刮板输送机,,3530,43550,18456,18456
35,15,01,03,99,其他刮板输送机,,3530,43550,18457,18457
35,15,01,04,,埋刮板输送机,,3530,,18458,18458
35,15,01,04,01,通用埋刮板输送机,,3530,43550,18459,18459
35,15,01,04,02,特殊型埋刮板输送机,,3530,43550,18460,18460
35,15,01,04,99,其他埋刮板输送机,,3530,43550,18461,18461
35,15,01,05,,板式输送机,,3530,,18462,18462
35,15,01,05,01,平板式输送机,,3530,43550,18463,18463
35,15,01,05,02,鳞板式输送机,,3530,43550,18464,18464
35,15,01,05,99,其他板式输送机,,3530,43550,18465,18465
35,15,01,06,,悬挂及链式输送机,,3530,,18466,18466
35,15,01,06,01,通用悬挂输送机,,3530,43550,18467,18467
35,15,01,06,02,积放式悬挂输送机,,3530,43550,18468,18468
35,15,01,06,03,地面链输送机,指在地面上连续运送成件货物的链式输送机，包括普通、积放式地面牵引链输送机、地面小车输送机等,3530,43550,18469,18469
35,15,01,06,04,链式托架输送机提升机,,3530,43550,18470,18470
35,15,01,06,99,其他悬挂及链式输送机,,3530,43550,18471,18471
35,15,01,07,,滚子输送机,指辊道输送机,3530,,18472,18472
35,15,01,07,01,动力式滚子输送机,,3530,43550,18473,18473
35,15,01,07,02,无动力滚子输送机,,3530,43550,18474,18474
35,15,01,07,03,滚轮输送机,,3530,43550,18475,18475
35,15,01,07,99,其他滚子输送机,,3530,43550,18476,18476
35,15,01,08,00,螺旋输送机,包括水平、垂直螺旋输送机，移动螺旋输送机螺旋管输送机等,3530,43550,18477,18477
35,15,01,09,00,振动输送机,包括机械振动、电磁振动、垂直振动输送机等,3530,43550,18478,18478
35,15,01,10,00,气力输送机,包括气力容器管道输送系统、气力输送槽等,3530,43550,18479,18479
35,15,01,11,,架空索道、缆车,,3530,,18480,18480
35,15,01,11,01,货运架空索道,,3530,43560,18481,18481
35,15,01,11,02,客运架空索道,,3530,43560,18482,18482
35,15,01,11,03,滑雪拉索,,3530,43560,18483,18483
35,15,01,11,04,缆车,,3530,43560,18484,18484
35,15,01,11,99,其他架空索道,包括索道牵引机,3530,43560,18485,18485
35,15,01,12,00,翻斗（箕斗）提升机,,3530,43560,18486,18486
35,15,01,13,00,输送机械专用配套件,指专用配套附（配）件，包括输送机清扫器、调心托辊、电动滚筒、专用安全保护装置等,3530,43570,18487,18487
35,15,01,99,00,其他输送机械,,3530,43550,18488,18488
35,15,02,,,装卸机械,指具有自行装卸功能或具有转载装置和连续装卸功能，能按照规定线路连续或间歇装卸作业的搬运设备,3530,,18489,18489
35,15,02,01,,连续装船机,指装船机,3530,,18490,18490
35,15,02,01,01,移动式连续装船机,,3530,43560,18491,18491
35,15,02,01,99,其他连续装船机,,3530,43560,18492,18492
35,15,02,02,,连续卸船机,指卸船机,3530,,18493,18493
35,15,02,02,01,链斗卸船机,,3530,43560,18494,18494
35,15,02,02,02,气力卸船机,,3530,43560,18495,18495
35,15,02,02,99,其他连续卸船机,,3530,43560,18496,18496
35,15,02,03,,堆取料机械,指具有取料及转运装置，可将料场带式输送机输送的物料，经转运装置堆放至料场或通过取料机构把料场物料经转运装置转送到料场带式输送机的装卸机械,3530,,18497,18497
35,15,02,03,01,臂式堆料机,,3530,43559,18498,18498
35,15,02,03,02,臂式斗轮堆取料机,包括臂式斗轮取料机、臂式斗轮堆取料机及圆型料场斗轮堆取料机等,3530,43560,18499,18499
35,15,02,03,03,桥门式斗轮堆取料机,包括桥式斗轮取料机、门式斗轮堆取料机、滚筒式取料机等,3530,43560,18500,18500
35,15,02,03,04,刮板式取料机,包括臂式、桥式、门式、圆型料场刮板式取料机等,3530,43560,18501,18501
35,15,02,03,99,其他堆取料机,,3530,43560,18502,18502
35,15,02,04,,铁路敞车翻车机系统,简称翻车机系统,3530,,18503,18503
35,15,02,04,01,单车翻车机系统,,3530,43560,18504,18504
35,15,02,04,02,多车翻车机系统,,3530,43560,18505,18505
35,15,02,04,03,不解列翻车机系统,,3530,43560,18506,18506
35,15,02,04,99,其他铁路敞车翻车机系统,,3530,43560,18507,18507
35,15,02,05,00,铁路货车装车机,,3530,43560,18508,18508
35,15,02,06,,铁路货车卸车机,,3530,,18509,18509
35,15,02,06,01,链斗卸车机,,3530,43560,18510,18510
35,15,02,06,02,螺旋卸车机,,3530,43560,18511,18511
35,15,02,06,99,其他铁路货车卸车机,,3530,43560,18512,18512
35,15,02,07,00,物料装载机,包括斗轮装载机、链斗装载机、袋物装载机等,3530,43560,18513,18513
35,15,02,08,00,装卸机械专用配套件,指专用配套附（配）件,3530,43560,18514,18514
35,15,02,99,00,其他装卸机械,,3530,43560,18515,18515
35,15,03,,,给料机械,指将物料由储料装置输送到受料装置中，并可控制物料输送速度和流量的机械设备,3530,,18516,18516
35,15,03,01,00,圆盘给料机,,3530,43550,18517,18517
35,15,03,02,00,板式给料机,,3530,43550,18518,18518
35,15,03,03,00,振动给料机,,3530,43550,18519,18519
35,15,03,04,00,螺旋给料机,,3530,43550,18520,18520
35,15,03,05,00,带式给料机,,3530,43560,18521,18521
35,15,03,06,00,叶轮给料机,,3530,43560,18522,18522
35,15,03,07,00,往复式给料机,,3530,43560,18523,18523
35,15,03,08,00,给料机专用配套件,指专用配套附（配）件,3530,43560,18524,18524
35,15,03,99,00,其他给料机械,,3530,43550,18525,18525
35,15,99,00,00,其他连续搬运设备,,3530,43560,18526,18526
35,16,,,,电梯、自动扶梯及升降机,指主要用于建筑物或建筑工程中，沿导轨垂直升降或沿斜面及水平移动运送乘客和货物的机械设备,3530,,18527,18527
35,16,01,,,电梯,指靠电力拖动（或液压缸顶举），使轿厢沿垂直导轨升降，在规定的楼层间运送人和货物的固定提升设备；在电梯行业统计中，习惯上不包括杂货电梯,3530,,18528,18528
35,16,01,01,00,乘客电梯,不含住宅、医院及其他建筑物的乘客、病床和观光电梯,3530,43540,18529,18529
35,16,01,02,00,载货电梯,,3530,43540,18530,18530
35,16,01,03,00,住宅电梯,,3530,43540,18531,18531
35,16,01,04,00,病床电梯,,3530,43540,18532,18532
35,16,01,05,00,观光电梯,,3530,43540,18533,18533
35,16,01,06,00,杂货电梯,,3530,43540,18534,18534
35,16,01,99,00,其他电梯,,3530,43540,18535,18535
35,16,02,,,连续运载乘客输送机,,3530,,18536,18536
35,16,02,01,00,自动扶梯,,3530,43540,18537,18537
35,16,02,02,00,自动人行道,,3530,43540,18538,18538
35,16,02,99,00,其他连续运载乘客输送机,,3530,43540,18539,18539
35,16,03,,,升降机,是指重物或取物装置只能沿导轨升降的设备,3530,,18540,18540
35,16,03,01,00,小型货物升降机,,3530,43540,18541,18541
35,16,03,02,00,施工升降机,,3530,43540,18542,18542
35,16,03,03,00,装修用升降机（工作平台）,,3530,43540,18543,18543
35,16,03,04,00,升降工作平台,,3530,43540,18544,18544
35,16,03,99,00,其他升降机,,3530,43540,18545,18545
35,16,04,00,00,电梯自动扶梯及升降机专用配套件,指专用配套附（配）件,3530,43580,18546,18546
35,17,,,,立体仓库设备，相关物料搬运设备,,,,18547,18547
35,17,01,,,立体（高架）仓库存储系统,,3530,,18548,18548
35,17,01,01,00,有轨巷道堆垛机,,3530,43530,18549,18549
35,17,01,02,00,有轨巷道堆垛机转移机,,3530,43530,18550,18550
35,17,01,03,00,穿梭车,,3530,43530,18551,18551
35,17,01,04,00,自动拣选机,,3530,43530,18552,18552
35,17,01,05,00,立体仓库循环货架系统,,3530,43530,18553,18553
35,17,01,99,00,其他立体仓库存储系统,指其他立体仓储专用设备,3530,43530,18554,18554
35,17,02,,,仓储货物堆放架,,3411,,18555,18555
35,17,02,01,00,钢铁制仓储用货架,,3411,42190,18556,18556
35,17,02,02,00,铝制仓储用货架,,3411,42190,18557,18557
35,17,02,03,00,锌制货架,,3411,42999,18558,18558
35,17,02,99,00,其他仓储货物堆放架,指其他金属制货架,3411,42999,18559,18559
35,17,03,,,灌装码垛系统搬运设备,包括灌装码垛系统专用输送设备、 码包、堆包设备等,3530,,18560,18560
35,17,03,01,00,输送与料袋姿态控制装置,,3530,43560,18561,18561
35,17,03,02,00,码包、堆包设备,,3530,43560,18562,18562
35,17,03,99,00,其他灌装码垛系统搬运设备,,3530,43560,18563,18563
35,17,04,,,机械式停车设备,,3530,,18564,18564
35,17,04,01,00,升降横移类停车设备,,3530,43560,18565,18565
35,17,04,02,00,平面移动类停车设备,,3530,43560,18566,18566
35,17,04,03,00,简易升降类停车设备,,3530,43560,18567,18567
35,17,04,04,00,垂直循环类停车设备,,3530,43560,18568,18568
35,17,04,05,00,水平循环类停车设备,,3530,43560,18569,18569
35,17,04,06,00,巷道堆垛类停车设备,,3530,43560,18570,18570
35,17,04,99,00,其他机械式停车设备,,3530,43560,18571,18571
35,17,05,,,机场专用搬运机械,,3530,,18572,18572
35,17,05,01,00,旅客登机桥,包括智能型旅客登机桥、旅客航站楼登机桥,3530,43560,18573,18573
35,17,05,02,00,行李传送设备,,3530,43560,18574,18574
35,17,05,03,00,飞机牵引车,,3530,43560,18575,18575
35,17,05,04,00,机场集装箱（板）升降平台车,,3530,43560,18576,18576
35,17,05,05,00,机场集装箱（板）搬运车,,3530,43560,18577,18577
35,17,05,99,00,其他机场专用搬运机械,,3530,43560,18578,18578
35,17,06,,,搬运机械及装置,,3530,,18579,18579
35,17,06,01,00,矿车推动机,,3530,43560,18580,18580
35,17,06,02,00,货车倾卸装置,,3530,43560,18581,18581
35,17,06,03,00,铁路货车推车器,,3530,43560,18582,18582
35,17,06,04,00,电动平车,,3530,43560,18583,18583
35,17,06,05,00,薄气垫搬运设备（装置）,,3530,43560,18584,18584
35,17,06,06,00,舞台机械化搬运设备,,3530,43560,18585,18585
35,17,06,99,00,其他搬运机械及装置,,3530,43560,18586,18586
35,17,07,00,00,立体仓储及物料搬运设备专用配套件,指专用配套附（配）件,3530,43570,18587,18587
35,17,99,00,00,其他相关物料搬运设备,,3530,43560,18588,18588
35,18,,,,泵及液体提升机,,3541,,18589,18589
35,18,01,,,泵,不包括液压泵,3541,,18590,18590
35,18,01,01,,动力式泵,,3541,,18591,18591
35,18,01,01,01,单级单吸清水离心泵,,3541,43220,18592,18592
35,18,01,01,02,单级双吸清水离心泵,,3541,43220,18593,18593
35,18,01,01,03,多级清水离心泵,,3541,43220,18594,18594
35,18,01,01,04,锅炉给水泵,,3541,43220,18595,18595
35,18,01,01,05,热水循环泵,,3541,43220,18596,18596
35,18,01,01,06,冷凝泵,,3541,43220,18597,18597
35,18,01,01,07,化工流程泵,,3541,43220,18598,18598
35,18,01,01,08,潜水电泵,,3541,43220,18599,18599
35,18,01,01,09,潜水排污泵,,3541,43220,18600,18600
35,18,01,01,10,管道泵,,3541,43220,18601,18601
35,18,01,01,11,液下泵,,3541,43220,18602,18602
35,18,01,01,12,自吸泵,,3541,43220,18603,18603
35,18,01,01,13,船用泵,,3541,43220,18604,18604
35,18,01,01,14,消防泵,含井用,3541,43220,18605,18605
35,18,01,01,15,家用泵,,3541,43220,18606,18606
35,18,01,01,16,空调泵,,3541,43220,18607,18607
35,18,01,01,17,食品泵,,3541,43220,18608,18608
35,18,01,01,18,混流泵,,3541,43220,18609,18609
35,18,01,01,19,轴流泵,,3541,43220,18610,18610
35,18,01,01,20,旋涡泵,,3541,43220,18611,18611
35,18,01,01,21,污水泵,,3541,43220,18612,18612
35,18,01,01,22,无堵塞排污泵,,3541,43220,18613,18613
35,18,01,01,23,泥浆泵、渣浆泵,,3541,43220,18614,18614
35,18,01,01,99,其他动力式泵,,3541,43220,18615,18615
35,18,01,02,,容积泵,,3541,43220,18616,18616
35,18,01,02,01,电动往复泵,,3541,,18617,18617
35,18,01,02,02,液压隔膜泵,,3541,43220,18618,18618
35,18,01,02,03,气动往复泵,,3541,43220,18619,18619
35,18,01,02,04,计量泵,,3541,43220,18620,18620
35,18,01,02,05,试压泵,,3541,43220,18621,18621
35,18,01,02,06,齿轮泵,,3541,43220,18622,18622
35,18,01,02,07,单螺杆泵,,3541,43220,18623,18623
35,18,01,02,08,双螺杆泵,,3541,43220,18624,18624
35,18,01,02,09,单转子泵,,3541,43220,18625,18625
35,18,01,02,10,双转子泵,,3541,43220,18626,18626
35,18,01,02,11,滑片泵,,3541,43220,18627,18627
35,18,01,02,99,其他容积泵,,3541,43220,18628,18628
35,18,01,03,,真空泵,,3541,,18629,18629
35,18,01,03,01,旋片真空泵,,3541,43220,18630,18630
35,18,01,03,02,罗茨真空泵,,3541,43220,18631,18631
35,18,01,03,03,滑阀真空泵,,3541,43220,18632,18632
35,18,01,03,04,蒸汽流真空泵,,3541,43220,18633,18633
35,18,01,03,05,分子泵,,3541,43220,18634,18634
35,18,01,03,06,干式真空泵,,3541,43220,18635,18635
35,18,01,03,07,离子泵,,3541,43220,18636,18636
35,18,01,03,08,低温泵,,3541,43220,18637,18637
35,18,01,03,09,水环真空泵,,3541,43220,18638,18638
35,18,01,03,10,往复真空泵,,3541,43220,18639,18639
35,18,01,03,11,分子筛吸附泵,,3541,43220,18640,18640
35,18,01,03,99,其他真空泵,,3541,43220,18641,18641
35,18,01,99,,其他泵,,3541,,18642,18642
35,18,01,99,01,磁力泵,,3541,43220,18643,18643
35,18,01,99,02,屏蔽泵,,3541,43220,18644,18644
35,18,01,99,03,喷射泵,,3541,43220,18645,18645
35,18,01,99,99,其他未列明泵,,3541,43220,18646,18646
35,18,02,,,液体提升机,,3541,,18647,18647
35,18,02,01,00,升运鼓轮,,3541,43220,18648,18648
35,18,02,02,00,链式或缆式提升机,,3541,43220,18649,18649
35,18,02,03,00,带式提升机,,3541,43220,18650,18650
35,18,02,04,00,阿基米德螺旋式提升机,,3541,43220,18651,18651
35,18,02,99,00,其他液体提升机,,3541,43220,18652,18652
35,18,03,,,泵、液体提升机零件,,3541,,18653,18653
35,18,03,01,00,液体泵零件,包括泵缸、泵体、抽吸杆、活塞杆、活塞、柱塞、叶片、凸轮、螺杆、叶轮、扩散器叶片、其他液体泵零件,3541,43252,18654,18654
35,18,03,02,00,液体提升机零件,包括戽斗及装有戽斗的链、带式液体提升机的带、压力室等,3541,43252,18655,18655
35,18,03,03,00,空气泵和真空泵零件,包括泵体、叶轮、轮叶及活塞,3541,43253,18656,18656
35,19,,,,气体压缩机,,3542,,18657,18657
35,19,01,,,制冷设备用压缩机,,3542,,18658,18658
35,19,01,01,,空调压缩机,,3542,,18659,18659
35,19,01,01,01,空调压缩机，0.4kW＜P≤3.75kW,,3542,43230,18660,18660
35,19,01,01,02,空调压缩机，3.75kW＜P≤7.5kW,,3542,43230,18661,18661
35,19,01,01,03,空调压缩机，P＞7.5kW,,3542,43230,18662,18662
35,19,01,02,,冰箱压缩机,包括冷藏、冷冻箱压缩机,3542,,18663,18663
35,19,01,02,01,冰箱压缩机，电机P≤0.4kW,,3542,43230,18664,18664
35,19,01,02,02,冰箱压缩机，0.4kW＜电机P≤5kW,,3542,43230,18665,18665
35,19,01,03,00,车用空调压缩机,,3542,43230,18666,18666
35,19,01,99,00,其他制冷设备用压缩机,,3542,43230,18667,18667
35,19,02,,,非制冷设备用压缩机,,3542,,18668,18668
35,19,02,01,,容积式压缩机,,3542,,18669,18669
35,19,02,01,01,往复式压缩机,包括往复式天然气压缩机、工艺压缩机、车用空气压缩机,3542,43230,18670,18670
35,19,02,01,02,隔膜式压缩机,,3542,43230,18671,18671
35,19,02,01,99,其他容积式压缩机,,,43230,18672,18672
35,19,02,02,,回转式压缩机,包括螺杆、滑片式、滚动活塞式、涡旋式,3542,,18673,18673
35,19,02,02,01,空气压缩机,,3542,43230,18674,18674
35,19,02,02,02,工艺压缩机,,3542,43230,18675,18675
35,19,02,02,99,其他回转式压缩机,,3542,43230,18676,18676
35,19,02,03,,速度式压缩机,,3542,,18677,18677
35,19,02,03,01,离心式压缩机,,3542,43230,18678,18678
35,19,02,03,02,轴流式压缩机,,3542,43230,18679,18679
35,19,02,03,99,其他速度式压缩机,,3542,43230,18680,18680
35,19,02,99,00,其他非制冷设备用压缩机,,3542,43230,18681,18681
35,19,03,00,00,气体压缩机零件,,3542,43253,18682,18682
35,20,,,,阀门和龙头,,3543,,18683,18683
35,20,01,,,阀门,不包括液压阀,3543,,18684,18684
35,20,01,01,,普通阀门,,3543,,18685,18685
35,20,01,01,01,闸阀,,3543,43240,18686,18686
35,20,01,01,02,截止阀,,3543,43240,18687,18687
35,20,01,01,03,止回阀,指能自动阻止气体倒流的阀门,3543,43240,18688,18688
35,20,01,01,04,蝶阀,,3543,43240,18689,18689
35,20,01,01,05,球阀,,3543,43240,18690,18690
35,20,01,01,06,安全阀,包括高温、高压截止阀、接头针形截止阀、内丝口针形截止阀等,3543,43240,18691,18691
35,20,01,01,07,旋塞阀,,3543,43240,18692,18692
35,20,01,01,08,隔膜阀,,3543,43240,18693,18693
35,20,01,01,09,疏水阀,,3543,43240,18694,18694
35,20,01,01,10,节流阀,,3543,43240,18695,18695
35,20,01,01,11,减压阀,,3543,43240,18696,18696
35,20,01,01,99,其他普通阀门,,3543,43240,18697,18697
35,20,01,02,,真空阀门,,3543,,18698,18698
35,20,01,02,01,蝶阀类,,3543,43240,18699,18699
35,20,01,02,02,球阀类,,3543,43240,18700,18700
35,20,01,02,03,挡板阀,,3543,43240,18701,18701
35,20,01,02,04,翻板阀,充气阀类,3543,43240,18702,18702
35,20,01,02,05,电磁压差阀,,3543,43240,18703,18703
35,20,01,02,06,充气阀类,,3543,43240,18704,18704
35,20,01,02,07,微调阀类,,3543,43240,18705,18705
35,20,01,02,08,隔膜阀类,,3543,43240,18706,18706
35,20,01,02,09,角座阀类,,3543,43240,18707,18707
35,20,01,02,10,管道阀类,,3543,43240,18708,18708
35,20,01,02,99,其他真空阀门,,3543,43240,18709,18709
35,20,02,,,龙头,,3543,,18710,18710
35,20,02,01,00,水龙头（水嘴）,包括单柄单控水嘴、冷热水混合水嘴,3543,43240,18711,18711
35,20,02,02,00,散热器放水龙头,,3543,43240,18712,18712
35,20,02,03,00,润滑油龙头,带有软管或伸缩套管的润滑油龙头，用以润滑轮船的轴等,3543,43240,18713,18713
35,20,02,04,00,罐瓶机用龙头,,3543,43240,18714,18714
35,20,02,99,00,其他龙头,,3543,43240,18715,18715
35,20,03,,,阀门、 龙头零件,,3543,,18716,18716
35,20,03,01,00,阀门零件,,3543,43254,18717,18717
35,20,03,02,00,龙头零件,,3543,43254,18718,18718
35,21,,,,液压元件、系统及装置,指使用受压的液体作为介质来进行能量转换、传递、控制和分配的元件、系统及装置,3544,,18719,18719
35,21,01,,,液压元件,,3544,,18720,18720
35,21,01,01,,液压泵,向液压系统提供具有一定压力和流量的液体，把机械能转换成液体的压力能,3544,,18721,18721
35,21,01,01,01,齿轮式液压泵,在密封壳体内的一对齿轮啮合，以啮合点沿齿宽方向的接触线将其吸油腔和压油腔分开，在其旋转时，齿轮脱开啮合的一侧形成局部真空，将油液吸入，而齿轮另一侧进入啮合齿槽容积变小，油液被压出,3544,43220,18722,18722
35,21,01,01,02,叶片式液压泵,叶片泵的转子旋转时，嵌于转子槽内的叶片沿着定子内廓曲线伸出或缩入，使两邻叶片之间所包容的容积不断变化；当叶片伸出，形成局部真空，吸入油液；当叶片缩入，所包容的容积减少时，油液压出；转子每转一周，容积变化一次，称为单作用叶片泵；容积循环两次，则称为双作用叶片泵,3544,43220,18723,18723
35,21,01,01,03,轴向柱塞泵,柱塞的头部安装有滑靴，它始终贴住斜盘平面运动；当缸体带动柱塞旋转时，柱塞在柱塞腔内作直线往复运动；柱塞伸出，腔容积增大，腔内吸入油液，称吸油过程；随着缸体旋转，柱塞缩回，容腔减小，油液通过排油窗口排出，称排油过程；缸每转一周，各柱塞有半周吸油，半周排油，缸不断旋转，实现连续吸油和排油,3544,43220,18724,18724
35,21,01,01,04,径向柱塞泵,当每柱塞在转子套内伸出及缩入时，产生容积变化；转子旋转时，由于转子与定子圈存在有偏心e，所以柱塞在沿定子圈内滑动的同时，柱塞伸出或缩入；伸出时容积增大，形成局部真空，将油液吸入；缩入时容积减小，将油液压出；其吸油腔和压油腔由输出轴上的配流槽隔开,3544,43220,18725,18725
35,21,01,01,05,螺杆式液压泵,三杆螺杆泵由三根特殊形状的螺杆组成，在它们相互接触形成严密的密封，再加上螺杆有适当的头数和导程，定子（泵体或套筒）与螺杆的接触处有适当的长度和径向间隙，因而使螺杆的凹槽形成一个封闭的容积；当螺杆转动时完成吸油和压油,3544,43220,18726,18726
35,21,01,01,99,其他液压泵,,3544,43220,18727,18727
35,21,01,02,,液压马达,把油液的压力能转变成机械能去驱动负载做功，实现连续转动的装置,3544,,18728,18728
35,21,01,02,01,齿轮马达,由两个或两个以上啮合齿轮作为工作件的马达,3544,43212,18729,18729
35,21,01,02,02,叶片马达,压力流体作用在一组径向叶片上而使转子转动的马达,3544,43212,18730,18730
35,21,01,02,03,柱塞马达,带有多个排列成径向柱塞而工作的马达和带有几个轴线相互平行并布置成围绕并平行公共轴线的柱塞的马达,3544,43212,18731,18731
35,21,01,02,04,摆动马达,,3544,43212,18732,18732
35,21,01,02,05,低速大扭矩马达,,3544,43212,18733,18733
35,21,01,02,99,其他液压马达,指其他未列明的液压马达,3544,43212,18734,18734
35,21,01,03,,液压阀,用来调节流体传动回路中流体方向、压力、流量的装置,3544,,18735,18735
35,21,01,03,01,方向阀,连通或控制流体流动方向的阀,3544,43240,18736,18736
35,21,01,03,02,压力阀,基本功能为调节压力的阀,3544,43240,18737,18737
35,21,01,03,03,流量阀,主要功能为控制液体流量的阀,3544,43240,18738,18738
35,21,01,03,04,比例阀,将输入电流成比例地控制液压系统的压力、流量和方向输出的元件,3544,43240,18739,18739
35,21,01,03,05,伺服阀,接受模拟量控制信号并输出相应的模拟量流体的阀,3544,43240,18740,18740
35,21,01,03,06,多路阀,能控制多个执行机构的换向阀，它由两个以上换向阀为主并集成溢流阀、单向阀、分流阀等成为一体的元件,3544,43240,18741,18741
35,21,01,03,07,插装阀,工作件装在阀套并一起装于阀体中，其油口与阀体油口吻合,3544,43240,18742,18742
35,21,01,03,08,叠加阀,由一组相类似的阀叠加在一起所组成的元件通常带有公共供油和（或）回油系统,3544,43240,18743,18743
35,21,01,03,99,其他液压阀,工程、矿山、冶金、船舶等主机液压系统上专用液压阀,3544,43240,18744,18744
35,21,01,04,,液压缸,指把液压能转换为机械力和直线运动的装置,3544,,18745,18745
35,21,01,04,01,高压重型液压缸,,3544,43211,18746,18746
35,21,01,04,02,车辆工程系列液压缸,,3544,43211,18747,18747
35,21,01,04,03,拉杆式液压缸,,3544,43211,18748,18748
35,21,01,04,04,回转液压缸,,3544,43211,18749,18749
35,21,01,04,05,摆动液压缸,活塞杆往复摆角小于360°的液压缸,3544,43211,18750,18750
35,21,01,04,99,其他液压缸,,3544,43211,18751,18751
35,21,01,99,00,其他液压元件,,3544,43212,18752,18752
35,21,02,,,液压系统及装置,用液压技术实现的满足主机需要的动力传输或控制的系统,3544,,18753,18753
35,21,02,01,00,整体静液压传动装置,一个或多个液压泵和马达组成的可改变速度或扭矩的装置,3544,43212,18754,18754
35,21,02,02,00,液压泵站,为液压系统提供动力源的装置,3544,43212,18755,18755
35,21,02,99,00,其他液压系统及装置,包括机动船只用的喷水推进器（水力机）,3544,43212,18784,18784
35,21,03,,,液压辅件,用于液压系统中除去液压泵、阀、缸、马达等元件外的其他元件,3544,,18756,18756
35,21,03,01,00,液压蓄能器,用以储存液压能并将此能量释放出来完成有用功的装置,3544,44917,18757,18757
35,21,03,02,00,冷却器,从工作介质中吸收能量的装置,3544,43212,18758,18758
35,21,03,03,00,吸油系列过滤器,,3544,43212,18759,18759
35,21,03,04,00,磁性系列过滤器,,3544,43212,18760,18760
35,21,03,05,00,压力管路过滤器,,3544,43212,18761,18761
35,21,03,06,00,回油系列过滤器,,3544,43212,18762,18762
35,21,03,07,00,双筒系列过滤器,,3544,43212,18763,18763
35,21,03,08,00,液压管件系列,液压管路用的集成块、管接头、管夹、密封圈等,3544,43212,18764,18764
35,21,03,09,00,油箱辅件,安装在液压油箱上的空气滤清器、减振垫、避振喉、液位计、电加热器等元件,3544,43212,18765,18765
35,21,03,99,00,其他液压辅件,包含热交换器在内的未在上述元件中列出的附件,3544,43212,18766,18766
35,21,04,,,液力机械及装置,将流体动能转换为机械能的装置,3544,,18767,18767
35,21,04,01,,液力变矩器,将流体动能转换为机械能的元件,3544,,18768,18768
35,21,04,01,01,向心涡轮定轴式,,3544,43320,18769,18769
35,21,04,01,02,内分流双涡轮,,3544,43320,18770,18770
35,21,04,01,03,向心涡轮三项,,3544,43320,18771,18771
35,21,04,01,04,单向轴流式涡轮,,3544,43320,18772,18772
35,21,04,01,05,单向向心涡轮,,3544,43320,18773,18773
35,21,04,01,99,其他液力变矩器,,3544,43320,18774,18774
35,21,04,02,,液力耦合器,用流体动能传递机械能的元件,3544,,18775,18775
35,21,04,02,01,调速型,,3544,43320,18776,18776
35,21,04,02,02,限矩型,,3544,43320,18777,18777
35,21,04,02,03,传动装置,,3544,43320,18778,18778
35,21,04,02,99,其他液力耦合器,,3544,43320,18779,18779
35,21,04,03,,液粘调速,用液体黏度和压力变化传递能量实现调速的装置,3544,,18780,18780
35,21,04,03,01,调速机组,,3544,43320,18781,18781
35,21,04,03,02,液粘离合器,利用液体内摩擦实现机构离合的装置,3544,43320,18782,18782
35,21,04,99,00,其他液力机械及装置,,3544,43320,18783,18783
35,22,,,,气动元件、系统及装置,指使用受压的空气作为介质来进行能量转换、传递、控制和分配的元件、系统及装置,3544,,18785,18785
35,22,01,,,气动元件,指使用受压的空气作为介质来进行能量转换、传递、控制和分配的元件,3544,,18786,18786
35,22,01,01,,气动执行元件,指把气能转换为机械能和直线运动或回转运动的装置,3544,,18787,18787
35,22,01,01,01,气缸,指把气能转换为机械力和直线运动的装置,3544,43211,18788,18788
35,22,01,01,02,气马达,指把空气的压力能转变成机械能去驱动负载作功，实现连续转动的装置,3544,43211,18789,18789
35,22,01,01,03,管道式气动阀,指直接安装在气动管路中，采用螺纹连接的气动阀,3544,43211,18790,18790
35,22,01,01,04,管道式气动调节阀,指直接安装在气动管路中，采用螺纹连接的气动调节阀,3544,43211,18791,18791
35,22,01,01,99,其他气动执行元件,,3544,43211,18792,18792
35,22,01,02,,气动控制元件（气阀）,用来调节气动传动回路中流体方向、压力、流量的装置,3544,,18793,18793
35,22,01,02,01,方向控制阀,用来调节气动传动回路中流体方向的装置,3544,43212,18794,18794
35,22,01,02,02,压力控制阀,用来调节气动传动回路中流体压力的装置,3544,43212,18795,18795
35,22,01,02,03,流量控制阀,用来调节气动传动回路中流体流量的装置,3544,43212,18796,18796
35,22,01,02,99,其他气动控制元件,指其他未列明的气动控制阀,3544,43212,18797,18797
35,22,01,03,,气源处理元件,清除压缩空气中的灰尘、污物、水分及夹带润滑油，以优化空气质量的元件,3544,,18798,18798
35,22,01,03,01,二、三联件,将空气过滤、调压或过滤、油雾、调压等功能要求组联在一起的组件,3544,43212,18799,18799
35,22,01,03,02,油雾器（气动元件）,将一定数量（可控或不可控）润滑剂以雾状注入压缩空气中的元件,3544,43212,18800,18800
35,22,01,03,03,过滤器（气动元件）,阻挡空气中污染物进入系统和元件及除去水分的装置,3544,43212,18801,18801
35,22,01,03,04,干燥器（气动元件）,用以降低工作介质中的湿蒸汽含量的装置,3544,43212,18802,18802
35,22,01,03,05,消声器（气动元件）,降低进气或排气噪声的装置,3544,43212,18803,18803
35,22,01,03,99,其他气源处理元件,,3544,43212,18804,18804
35,22,02,,,气动系统及机械,由气动动力源（包括气源处理元件）、气动控制元件、气动执行元件及所需的管道组成，完成工作机构的动作,3544,,18805,18805
35,22,02,01,00,气动系统,将气源处理、控制、执行元件及管路，按用户要求装配成可直接使用的部件,3544,43212,18806,18806
35,22,02,02,00,气动机械,,3544,43212,18807,18807
35,22,03,,,气动电磁线圈、气动管件系列,用以气阀的电磁铁线圈以及气动管路用管接头、管夹、塑料管等,3544,,18808,18808
35,22,03,01,00,气动电磁线圈,用以气阀的电磁铁线圈,3544,43212,18809,18809
35,22,03,02,00,气动管接头及管路,用以气动管路用管接头、塑料管和接头的长度等,3544,43212,18810,18810
35,22,99,00,00,其他气动装置,指其他未列明的气动元件和装置,3544,43212,18811,18811
35,23,,,,真空应用设备,,,,18812,18812
35,23,01,,,真空镀膜设备,,3541,,18813,18813
35,23,01,01,00,真空卷绕镀膜机,,3541,44917,18814,18814
35,23,01,02,00,光学镀膜机,,3541,44917,18815,18815
35,23,01,03,00,太阳能镀膜设备,,3541,44917,18816,18816
35,23,01,99,00,其他真空镀膜设备,,3541,44917,18817,18817
35,23,02,,,真空浸渍设备,,3541,,18818,18818
35,23,02,01,00,真空压力浸渍设备,,3541,44917,18819,18819
35,23,02,99,00,其他真空浸渍设备,,3541,44917,18820,18820
35,23,03,,,真空干燥设备,,3579,,18821,18821
35,23,03,01,00,真空耙式干燥机,,3579,44912,18822,18822
35,23,03,02,00,双锥真空回转干燥机,,3579,44912,18823,18823
35,23,03,03,00,真空冷冻干燥机,,3579,44912,18824,18824
35,23,03,04,00,真空热风干燥设备,,3579,44912,18825,18825
35,23,03,05,00,倾斜式真空干燥机,,3579,44912,18826,18826
35,23,03,06,00,圆筒式真空干燥器,,3579,44912,18827,18827
35,23,03,07,00,回转真空干燥机,,3579,44912,18828,18828
35,23,03,99,00,其他真空干燥设备,,3579,44912,18829,18829
35,23,04,,,真空炉,,3560,,18830,18830
35,23,04,01,00,真空充氮退火炉,,3560,43420,18831,18831
35,23,04,02,00,真空热处理炉,,3560,43420,18832,18832
35,23,04,03,00,真空烧结炉,包括真空热压烧结炉,3560,43420,18833,18833
35,23,04,04,00,高温真空钎焊炉,,3560,43420,18834,18834
35,23,04,05,00,真空熔炼炉,包括真空感应熔炼炉,3560,43420,18835,18835
35,23,04,99,00,其他真空炉,,3560,43420,18836,18836
35,23,99,00,00,其他真空应用设备,,3560,44917,18837,18837
35,24,,,,轴承及其零件,,3551,,18838,18838
35,24,01,,,滚动轴承,,3551,,18839,18839
35,24,01,01,,球轴承,指滚珠轴承,3551,,18840,18840
35,24,01,01,01,深沟球轴承,,3551,43310,18841,18841
35,24,01,01,02,调心球轴承,,3551,43310,18842,18842
35,24,01,01,03,角接触球轴承,,3551,43310,18843,18843
35,24,01,01,04,推力球轴承,,3551,43310,18844,18844
35,24,01,01,99,其他球轴承,,3551,43310,18845,18845
35,24,01,02,,滚子轴承,,3551,,18846,18846
35,24,01,02,01,锥形滚子轴承,包括滚子保持器组件（含推力圆锥滚子轴承）,3551,43310,18847,18847
35,24,01,02,02,调心滚子轴承,指鼓形滚子轴承，含推力调心滚子轴承,3551,43310,18848,18848
35,24,01,02,03,滚针轴承,指配有直径不超过5mm的圆柱形滚子轴承（含推力滚针轴承）,3551,43310,18849,18849
35,24,01,02,04,圆柱滚子轴承,不包括直径小于5mm的圆柱形滚子轴承（含推力圆柱滚子轴承）,3551,43310,18850,18850
35,24,01,02,99,其他滚子轴承,,3551,43310,18851,18851
35,24,01,03,00,带座外球面球轴承,,3551,43310,18852,18852
35,24,01,04,00,组合轴承,指不同滚动体组合轴承,3551,43310,18853,18853
35,24,01,05,00,直线运动轴承,带滚动体的直线运动轴承,3551,43310,18854,18854
35,24,01,06,00,关节轴承,,3551,43310,18855,18855
35,24,01,07,00,转盘轴承（回转支承）,,3551,43310,18856,18856
35,24,01,99,00,其他滚动轴承,,3551,43310,18857,18857
35,24,02,,,滑动轴承,,3551,,18858,18858
35,24,02,01,00,未装配轴承座滑动轴承,,3551,43220,18859,18859
35,24,02,02,00,已装配轴承座滑动轴承,,3551,43220,18860,18860
35,24,02,99,00,其他滑动轴承,,3551,43220,18861,18861
35,24,03,,,轴承零配件,,3551,,18862,18862
35,24,03,01,00,钢球（滚珠）,,3551,43331,18863,18863
35,24,03,02,00,滚针、滚子,,3551,43331,18864,18864
35,24,03,03,00,轴承保持器,,3551,43331,18865,18865
35,24,03,04,00,轴承座,,3551,43311,18866,18866
35,24,03,99,00,其他轴承零件,包括环（套圈）、定位圈、紧定套、固定座套等,3551,43331,18867,18867
35,25,,,,齿轮、传动轴和驱动部件,,,,18868,18868
35,25,01,,,齿轮传动轴,,3552,,18869,18869
35,25,01,01,00,船舶用传动轴,,3552,43320,18870,18870
35,25,01,02,00,曲柄及曲柄轴,,3552,43320,18871,18871
35,25,01,03,00,活动关节轴,,3552,43320,18872,18872
35,25,01,04,00,挠性轴,,3552,43320,18873,18873
35,25,01,05,00,凸轮轴及偏心轴,,3552,43320,18874,18874
35,25,01,06,00,副轴,,3552,43320,18875,18875
35,25,01,99,00,其他齿轮传动轴,,3552,43320,18876,18876
35,25,02,,,齿轮,,3552,,18877,18877
35,25,02,01,,圆柱齿轮,,3552,,18878,18878
35,25,02,01,01,粉末冶金圆柱齿轮,,3552,43320,18879,18879
35,25,02,01,02,塑料圆柱齿轮,,3552,43320,18880,18880
35,25,02,01,99,其他圆柱齿轮,指其他材质圆柱齿轮,3552,43320,18881,18881
35,25,02,02,,锥齿轮,,3552,,18882,18882
35,25,02,02,01,粉末冶金锥齿轮,,3552,43320,18883,18883
35,25,02,02,02,塑料锥齿轮,,3552,43320,18884,18884
35,25,02,02,99,其他锥齿轮,指其他材质锥齿轮,3552,43320,18885,18885
35,25,02,03,,非圆齿轮,,3552,,18886,18886
35,25,02,03,01,粉末冶金非圆齿轮,,3552,43320,18887,18887
35,25,02,03,02,塑料非圆齿轮,,3552,43320,18888,18888
35,25,02,03,99,其他非圆齿轮,指其他材质非圆齿轮,3552,43320,18889,18889
35,25,02,04,,齿条,,3552,,18890,18890
35,25,02,04,01,粉末冶金齿条,,3552,43320,18891,18891
35,25,02,04,02,塑料齿条,,3552,43320,18892,18892
35,25,02,04,99,其他齿条,指其他材质齿条,3552,43320,18893,18893
35,25,02,05,,差动齿轮,,3552,,18894,18894
35,25,02,05,01,粉末冶金差动齿轮,,3552,43320,18895,18895
35,25,02,05,02,塑料差动齿轮,,3552,43320,18896,18896
35,25,02,05,99,其他差动齿轮,指其他材质差动齿轮,3552,43320,18897,18897
35,25,02,99,,其他齿轮,,3552,,18898,18898
35,25,02,99,01,其他粉末冶金齿轮,,3552,43320,18899,18899
35,25,02,99,02,其他塑料齿轮,,3552,43320,18900,18900
35,25,02,99,99,其他未列明齿轮,指其他材质齿轮,3552,43320,18901,18901
35,25,03,,,齿轮传动装置（齿轮箱）,指用于传递动力和转速，由齿轮传动件组成的传动装置，也称齿轮箱；主要包括齿轮减速机及变速箱（不包括汽车变速箱等）,3552,,18902,18902
35,25,03,01,,减速机,包括增速机（器、箱）,3552,,18903,18903
35,25,03,01,01,圆柱齿轮减速机,也称平行轴减速机,3552,43320,18904,18904
35,25,03,01,02,圆锥、圆柱圆锥齿轮减速机,也称直交轴减速机,3552,43320,18905,18905
35,25,03,01,03,圆柱蜗杆减速机,系指各种齿形的普通圆柱蜗轮蜗杆减速机等,3552,43320,18906,18906
35,25,03,01,04,环面蜗杆减速机,包括各种结构的单包络环面蜗杆减速机、双包络环面蜗杆减速机、锥面蜗杆减速机等,3552,43320,18907,18907
35,25,03,01,05,普通行星齿轮减速机,指传统结构的渐开线行星齿轮减速机,3552,43320,18908,18908
35,25,03,01,06,少齿差行星齿轮减速机,指少齿差结构的行星齿轮减速机，包括少齿差渐开线行星齿轮减速机、星轮减速机、摆线针轮减速机、三环减速机、谐波减速机等,3552,43320,18909,18909
35,25,03,01,07,摆线针轮减速机,,3552,43320,18910,18910
35,25,03,01,99,其他减速机,,3552,43320,18911,18911
35,25,03,02,,变速器（机、箱）,,3552,,18912,18912
35,25,03,02,01,有级变速器,包括汽车、叉车及工程机械有级变速箱、机床用有级变速箱等,3552,43320,18913,18913
35,25,03,02,02,机械无级变速器,包括摩擦式、链式、带式、脉冲式等各种结构的机械无级变速器,3552,43320,18914,18914
35,25,03,02,99,其他变速器,,3552,43320,18915,18915
35,25,03,03,00,链轮,,3552,43320,18916,18916
35,25,03,04,00,摩擦轮,,3552,43320,18917,18917
35,25,03,99,00,其他齿轮传动装置,,3552,43320,18918,18918
35,25,04,,,滚珠、滚子螺杆及传动装置,,3552,,18919,18919
35,25,04,01,00,滚子螺杆传动轴,,3552,43320,18920,18920
35,25,04,02,00,滚珠螺杆传动装置,,3552,43320,18921,18921
35,25,04,03,00,摩擦圆盘联轴节,,3552,43320,18922,18922
35,25,04,04,00,摩擦锥体联轴节,,3552,43320,18923,18923
35,25,04,99,00,其他滚珠、滚子螺杆及传动装置,,3552,43320,18924,18924
35,25,05,,,飞轮及滑轮,,3552,,18925,18925
35,25,05,01,00,飞轮,,3552,43320,18926,18926
35,25,05,02,00,滑轮,,3552,43320,18927,18927
35,25,05,03,00,滑轮组,,3552,43320,18928,18928
35,25,06,,,离合器,不包括液粘离合器,3552,,18929,18929
35,25,06,01,00,摩擦离合器,,3552,43320,18930,18930
35,25,06,02,00,犬牙式（爪形）离合器,,3552,43320,18931,18931
35,25,06,03,00,自动离心离合器,,3552,43320,18932,18932
35,25,06,04,00,压缩空气离合器,,3552,43320,18933,18933
35,25,06,05,00,液压离合器,,3552,43320,18934,18934
35,25,06,06,00,超越离合器,,3552,43320,18935,18935
35,25,06,99,00,其他离合器,,3552,43320,18936,18936
35,25,07,,,联轴器,,3552,,18937,18937
35,25,07,01,00,套管联轴器,,3552,43320,18938,18938
35,25,07,02,00,凸轮联轴器,,3552,43320,18939,18939
35,25,07,03,00,挠性联轴器,,3552,43320,18940,18940
35,25,07,04,00,液压联轴器,,3552,43320,18941,18941
35,25,07,05,00,万向联轴器,,3552,43320,18942,18942
35,25,07,99,00,其他联轴器,,3552,43320,18943,18943
35,25,08,00,00,齿轮、传动和驱动部件零件,,3552,43332,18944,18944
35,26,,,,密封垫及类似接合衬垫,,3581,,18945,18945
35,26,01,,,金属密封件,,3581,,18946,18946
35,26,01,01,00,金属密封垫,指用金属、非金属材料或金属片与其他材料复合制成的密封垫或类似接合衬垫，用于静连接部位的密封,3581,43924,18947,18947
35,26,01,02,00,多层金属片制密封垫,,3581,43924,18948,18948
35,26,01,99,00,其他金属密封件,指其他金属材料制密封垫,3581,43924,18949,18949
35,26,02,,,机械密封件,由相对运动的并与旋转轴垂直的组成多组摩擦副，借机械力与介质压力产生密封作用的密封装置，其摩擦副可以是金属、石墨、陶瓷等各种材料,3581,,18950,18950
35,26,02,01,00,滑动密封环,,3581,43924,18951,18951
35,26,02,02,00,弹簧密封环,,3581,43924,18952,18952
35,26,02,99,00,其他机械密封件,,3581,43924,18953,18953
35,26,99,00,00,其他密封垫及类似接合衬垫,,3581,43924,18954,18954
35,27,,,,窑炉、熔炉及电炉,不包括冶炼用电炉,3560,,18955,18955
35,27,01,,,炉用燃烧器,,3560,,18956,18956
35,27,01,01,00,油燃烧器,指液体燃料炉用燃烧器包括重油燃烧器（雾化燃烧器）,3560,43410,18957,18957
35,27,01,02,,气体燃烧器,,3560,,18958,18958
35,27,01,02,01,天然气燃烧器,,3560,43410,18959,18959
35,27,01,02,02,煤气燃烧器,,3560,43410,18960,18960
35,27,01,02,99,其他气体燃烧器,,3560,43410,18961,18961
35,27,01,03,00,煤粉燃烧器,,3560,43410,18962,18962
35,27,01,04,00,油气混合燃烧器,指可供同时燃烧油、气体、煤粉或其中的两种燃料的燃烧器,3560,43410,18963,18963
35,27,01,99,00,其他炉用燃烧器,指其他燃料炉用燃烧器,3560,43410,18964,18964
35,27,02,,,机械加煤机及类似装置,,3560,,18965,18965
35,27,02,01,00,给煤机,包括集中供暖（包括家用）锅炉用的机械加煤机,3560,43410,18966,18966
35,27,02,02,00,机械炉篦（机械筛）,,3560,43410,18967,18967
35,27,02,03,00,机械吹灰器,,3560,43410,18968,18968
35,27,02,04,00,自动出渣器,,3560,43410,18969,18969
35,27,02,99,00,其他机械加煤机及类似装置,,3560,43410,18970,18970
35,27,03,,,工业电炉,包括工业或实验室用电炉及电烘箱等加热设备，但不包括冶炼用电炉,3560,,18971,18971
35,27,03,01,,电阻炉,,3560,,18972,18972
35,27,03,01,01,可控气氛热处理炉,包括真空气氛保护管式炉,3560,43420,18973,18973
35,27,03,01,02,间歇作业式电阻炉,包括箱式电阻炉、箱式淬火炉、台车式电阻炉、井式电阻炉、罩式电阻炉、实验用电阻炉（实验用箱式、管式、坩埚式电阻炉、实验用油浴炉）等,3560,43420,18974,18974
35,27,03,01,03,连续作业式电阻炉,包括网带式、链带式、滚筒式、振底式电阻炉,3560,43420,18975,18975
35,27,03,01,04,氢气电阻炉,,3560,43420,18976,18976
35,27,03,01,05,空气电阻炉,,3560,43420,18977,18977
35,27,03,01,99,其他电阻炉,指其他电阻加热炉及电烘箱,3560,43420,18978,18978
35,27,03,02,,电感应炉,,3560,,18979,18979
35,27,03,02,01,低频感应炉,,3560,43420,18980,18980
35,27,03,02,02,高频感应炉,,3560,43420,18981,18981
35,27,03,02,03,介质电容炉,,3560,43420,18982,18982
35,27,03,02,99,其他电感应炉,指其他感应或电介质炉，包括其他工业或实验室用感应或电介质炉及烘箱,3560,43420,18983,18983
35,27,03,03,00,电弧炉,,3560,43420,18984,18984
35,27,03,04,00,红外线辐射烘箱,,3560,43420,18985,18985
35,27,03,05,00,牙科用电烘箱,,3560,43420,18986,18986
35,27,03,99,00,其他工业电炉,,3560,43420,18987,18987
35,27,04,,,非电热金属处理用炉,指燃气或煤的矿砂或金属热处理用炉,3560,,18988,18988
35,27,04,01,00,焙烧炉,包括精铸焙烧炉,3560,43420,18989,18989
35,27,04,02,00,金属熔化炉,包括熔铁炉等,3560,43420,18990,18990
35,27,04,03,00,热处理窑炉,指淬火、退火或类似金属热处理用的炉及烘箱,3560,43420,18991,18991
35,27,04,04,00,锻造炉,,3560,43420,18992,18992
35,27,04,05,00,渗碳炉,,3560,43420,18993,18993
35,27,04,06,00,精铸烤壳炉,,3560,43420,18994,18994
35,27,04,99,00,其他非电热金属处理用炉,,3560,43420,18995,18995
35,27,05,,,辊道窑,,3560,,18996,18996
35,27,05,01,00,电热辊道窑,包括电热全辊道窑、电热全自控催化剂辊道窑,3560,43420,18997,18997
35,27,05,02,00,非电热辊道窑,包括燃气、煤辊道窑,3560,43420,18998,18998
35,27,06,,,隧道窑,,3560,,18999,18999
35,27,06,01,00,电热隧道窑,包括高温推板式隧道电窑等,3560,43420,19000,19000
35,27,06,02,00,非电热隧道窑,包括稀土隧道窑、铁粉还原隧道窑、空心砖烧成隧道窑、西式瓦烧成隧道窑、微晶玻璃晶化隧道窑、卫生洁具装配式隧道窑、空心砖干燥隧道窑等,3560,43420,19001,19001
35,27,07,,,梭式窑,,3560,,19002,19002
35,27,07,01,00,电热梭式窑,,3560,43420,19003,19003
35,27,07,02,00,非电热梭式窑,包括卫生瓷重烧梭式窑、卫生瓷本烧梭式窑、耐火材料梭式窑、高压电瓷梭式窑、微晶玻璃板材梭式窑、纳米材料梭式窑、日用、美术、化工色料梭式窑等,3560,43420,19004,19004
35,27,08,,,推板窑,,3560,,19005,19005
35,27,08,01,00,电推板窑炉,包括隧道电推板窑、磁性材料烧结隧道式推板电窑、化工粉末煅烧隧道推板电炉、煅烧稀土材料隧道推板电窑、氢氮保护钼棒加热推板电窑等,3560,43420,19006,19006
35,27,08,02,00,非电推板窑,包括氮气保护推板窑炉、氮气保护推板电隧道窑、纯氧保护气氛推板窑、钴酸锂电池材料双孔推板窑、多温区多点补氧工艺隧道式推板窑、氢还原窑炉,3560,43420,19007,19007
35,27,09,,,保护气氛窑炉,,3560,,19008,19008
35,27,09,01,00,电热保护气氛窑,,3560,43420,19009,19009
35,27,09,02,00,非电热保护气氛窑炉,,3560,43420,19010,19010
35,27,10,,,氮化窑,,3560,,19011,19011
35,27,10,01,00,电热氮化窑,,3560,43420,19012,19012
35,27,10,02,00,非电热氮化窑,包括全自控高温氮化窑,3560,43420,19013,19013
35,27,11,,,烧成窑炉,,3560,,19014,19014
35,27,11,01,00,电子陶瓷烧成窑炉,,3560,43420,19015,19015
35,27,11,02,00,纳米材料烧成窑,,3560,43420,19016,19016
35,27,11,99,00,其他烧成窑炉,,3560,43420,19017,19017
35,27,12,00,00,烘烤干燥炉,,3560,43420,19018,19018
35,27,13,,,窑炉、熔炉及电炉用零件,,3560,,19019,19019
35,27,13,01,00,炉用燃烧器、机械加煤机零件,,3560,43430,19020,19020
35,27,13,02,00,工业电炉及电烘箱零件,,3560,43430,19021,19021
35,27,13,03,00,非电热炉及烘箱零件,,3560,43430,19022,19022
35,27,99,00,00,其他窑炉、熔炉,不包括水泥回转窑、机械立窑及其他建筑材料专用窑炉,3560,43420,19023,19023
35,28,,,,风机、风扇及类似设备,,3571,,19024,19024
35,28,01,,,风机,包括纺织专用风机、防爆风机,3571,,19025,19025
35,28,01,01,,离心式通风机,,3571,,19026,19026
35,28,01,01,01,锅炉用通风机（离心式）,含电站锅炉鼓引风机,3571,43931,19027,19027
35,28,01,01,02,通风换气用通风机（离心式）,,3571,43931,19028,19028
35,28,01,01,03,工业炉用通风机（离心式）,,3571,43931,19029,19029
35,28,01,01,04,矿井用风机（离心式）,,3571,43931,19030,19030
35,28,01,01,05,煤粉用通风机（离心式）,,3571,43931,19031,19031
35,28,01,01,06,高温风机（离心式）,,3571,43931,19032,19032
35,28,01,01,07,空调风机（离心式）,,3571,43931,19033,19033
35,28,01,01,08,消防风机（离心式）,,3571,43931,19034,19034
35,28,01,01,09,烟草风机（离心式）,,3571,43931,19035,19035
35,28,01,01,10,粮食风机（离心式）,,3571,43931,19036,19036
35,28,01,01,11,船用风机（离心式）,,3571,43931,19037,19037
35,28,01,01,12,排尘风机（离心式）,,3571,43931,19038,19038
35,28,01,01,13,屋顶风机（离心式）,,3571,43931,19039,19039
35,28,01,01,99,其他离心通风机,,3571,43931,19040,19040
35,28,01,02,,轴流式通风机,,3571,,19041,19041
35,28,01,02,01,锅炉用通风机（轴流式）,,3571,43931,19042,19042
35,28,01,02,02,通风换气用通风机（轴流式）,,3571,43931,19043,19043
35,28,01,02,03,工业炉用通风机（轴流式）,,3571,43931,19044,19044
35,28,01,02,04,矿井用风机（轴流式）,,3571,43931,19045,19045
35,28,01,02,05,煤粉用通风机（轴流式）,,3571,43931,19046,19046
35,28,01,02,06,高温风机（轴流式）,,3571,43931,19047,19047
35,28,01,02,07,空调风机（轴流式）,,3571,43931,19048,19048
35,28,01,02,08,消防风机（轴流式）,,3571,43931,19049,19049
35,28,01,02,09,烟草风机（轴流式）,,3571,43931,19050,19050
35,28,01,02,10,粮食风机（轴流式）,,3571,43931,19051,19051
35,28,01,02,11,船用风机（轴流式）,,3571,43931,19052,19052
35,28,01,02,12,排尘风机（轴流式）,,3571,43931,19053,19053
35,28,01,02,13,屋顶风机（轴流式）,,3571,43931,19054,19054
35,28,01,02,14,纺织风机（轴流式）,,3571,43931,19055,19055
35,28,01,02,99,其他轴流通风机,,3571,43931,19056,19056
35,28,01,03,00,横流式通风机,即贯流通风机,3571,43931,19057,19057
35,28,01,04,00,混流式通风机,指介于轴流风机和离心风机之间的风机,3571,43931,19058,19058
35,28,01,05,,鼓风机,,3571,,19059,19059
35,28,01,05,01,离心、轴流鼓风机,包括造气鼓风机,3571,43931,19060,19060
35,28,01,05,02,罗茨鼓风机,,3571,43931,19061,19061
35,28,01,05,03,叶氏鼓风机,,3571,43931,19062,19062
35,28,01,05,04,螺杆式鼓风机,,3571,43931,19063,19063
35,28,01,05,99,其他鼓风机,,3571,43931,19064,19064
35,28,01,99,00,其他风机,,3571,43931,19065,19065
35,28,02,,,工业风扇,不包括5W＜功率≤125W的家用和类似用途电风扇,3571,,19066,19066
35,28,02,01,00,工业吊扇,,3571,43931,19067,19067
35,28,02,02,00,工业换气扇,,3571,43931,19068,19068
35,28,02,03,00,工业壁扇,,3571,43931,19069,19069
35,28,02,04,,工业用排气风扇,包括百叶排气风扇,3571,,19070,19070
35,28,02,04,01,工业用排风扇，功率≤5W,包括机器和仪器（如计算机）等设备用排风扇,3571,43931,19071,19071
35,28,02,04,99,其他工业用排气风扇,,3571,43931,19072,19072
35,28,02,99,00,其他工业风扇,包括农牧风机（扇）,3571,43931,19073,19073
35,28,03,,,工业用通风罩、循环气罩,,3571,,19074,19074
35,28,03,01,00,自由活塞式发生器,指燃气轮机用的自由活塞式发生器,3542,43230,19075,19075
35,28,03,02,00,通风罩,,3571,43230,19076,19076
35,28,03,03,00,循环气罩,,3571,43230,19077,19077
35,28,04,00,00,风机、工业风扇用零件,,3571,43253,19078,19078
35,29,,,,气体分离及液化设备,,3572,,19079,19079
35,29,01,,,气体发生器,,3572,,19080,19080
35,29,01,01,00,发生炉煤气发生器,,3572,43911,19081,19081
35,29,01,02,00,水煤气发生器,,3572,43911,19082,19082
35,29,01,03,00,水解乙炔气体发生器,,3572,43911,19083,19083
35,29,01,04,00,氧气发生器,包括潜艇上用的氧气发生器,3572,43911,19084,19084
35,29,01,05,00,氢气发生器,,3572,43911,19085,19085
35,29,01,06,00,氮气发生器,,3572,43911,19086,19086
35,29,01,07,00,空气发生器,包括零级空气发生器,3572,43911,19087,19087
35,29,01,08,00,乙烯发生器,,3572,43911,19088,19088
35,29,01,99,00,其他气体发生器,,3572,43911,19089,19089
35,29,02,,,制氮设备,,3572,,19090,19090
35,29,02,01,00,深冷法制氮设备,,3572,43911,19091,19091
35,29,02,02,00,变压吸附制氮设备,,3572,43911,19092,19092
35,29,02,03,00,膜分离制氮设备,,3572,43911,19093,19093
35,29,02,99,00,其他制氮设备,,3572,43911,19094,19094
35,29,03,,,制氢设备,,3572,,19095,19095
35,29,03,01,00,水电解制氢设备,,3572,43911,19096,19096
35,29,03,02,00,甲醇重整制氢设备,,3572,43911,19097,19097
35,29,03,03,00,氨分解制氢设备,,3572,43911,19098,19098
35,29,03,99,00,其他制氢设备,,3572,43911,19099,19099
35,29,04,,,制氧设备,即制氧机,3572,,19100,19100
35,29,04,01,00,深冷法制氧设备,,3572,43911,19101,19101
35,29,04,02,00,变压吸附制氧设备,,3572,43911,19102,19102
35,29,04,03,00,膜分离制氧设备,,3572,43911,19103,19103
35,29,04,99,00,其他制氧设备,,3572,43911,19104,19104
35,29,05,00,00,稀有气体提取设备,主要产品不是稀有气体的设备不列入此,3572,43911,19105,19105
35,29,06,,,气体纯化设备,适用于含氧量≤3%的氮气、氢气、一氧化碳、二氧化碳、甲烷和惰性气体纯化,3572,,19106,19106
35,29,06,01,00,氢气提纯装置,,3572,43911,19107,19107
35,29,06,02,00,加氢脱氧纯化装置,,3572,43911,19108,19108
35,29,06,99,00,其他气体纯化设备,,3572,43911,19109,19109
35,29,07,,,气体液化设备,,3572,,19110,19110
35,29,07,01,00,天然气液化设备,,3572,43911,19111,19111
35,29,07,02,00,氧液化设备,,3572,43911,19112,19112
35,29,07,03,00,氮液化设备,,3572,43911,19113,19113
35,29,07,04,00,氩液化设备,,3572,43911,19114,19114
35,29,07,05,00,煤气液化设备,,3572,43911,19115,19115
35,29,07,99,00,其他气体液化设备,,3572,43911,19116,19116
35,29,99,00,00,其他气体分离及液化设备,,3572,43911,19117,19117
35,30,,,,利用温度变化加工机械,,3572,,19118,19118
35,30,01,,,蒸馏或精馏设备,包括制药用蒸馏水机,3572,,19119,19119
35,30,01,01,00,提净塔,,3572,43911,19120,19120
35,30,01,02,,粗馏塔,,3572,,19121,19121
35,30,01,02,01,泡罩式粗馏塔,,3572,43911,19122,19122
35,30,01,02,99,其他粗馏塔,,3572,43911,19123,19123
35,30,01,03,,精馏塔,,3572,,19124,19124
35,30,01,03,01,斜孔板式精馏塔,,3572,43911,19125,19125
35,30,01,03,02,釜式精镏塔,,3572,43911,19126,19126
35,30,01,03,03,玻璃降膜再沸式精馏塔,,3572,43911,19127,19127
35,30,01,03,04,高真空蒸馏塔,油酸蒸馏装置,3572,43911,19128,19128
35,30,01,03,05,分子蒸馏设备,,3572,43911,19129,19129
35,30,01,03,99,其他精馏塔,,3572,43911,19130,19130
35,30,01,04,,酒精回收设备,,3572,,19131,19131
35,30,01,04,01,甲醇回收塔,,3572,43911,19132,19132
35,30,01,04,02,酒精回收塔,,3572,43911,19133,19133
35,30,01,04,03,多功能酒精回收器,挥发油提取器,3572,43911,19134,19134
35,30,01,04,04,废酒精回收系统,包括填料式回收塔和列管式换热器,3572,43911,19135,19135
35,30,01,04,99,其他酒精回收设备,,3572,43911,19136,19136
35,30,01,05,00,水洗塔,,3572,43911,19137,19137
35,30,01,06,00,蒸馏锅,,3572,43911,19138,19138
35,30,01,07,00,蒸馏釜,,3572,43911,19139,19139
35,30,01,99,00,其他蒸馏或精馏设备,,3572,43911,19140,19140
35,30,02,,,发酵、提取设备,,3572,,19141,19141
35,30,02,01,,发酵设备,,3572,,19142,19142
35,30,02,01,01,普通罐型发酵设备,,3572,43932,19143,19143
35,30,02,01,02,伍式罐型发酵设备,,3572,43932,19144,19144
35,30,02,01,03,自吸式罐型发酵设备,,3572,43932,19145,19145
35,30,02,01,04,锥型发酵设备,,3572,43932,19146,19146
35,30,02,01,99,其他发酵设备,,3572,43932,19147,19147
35,30,02,02,,提取罐,,3572,,19148,19148
35,30,02,02,01,多功能提取罐,,3572,43932,19149,19149
35,30,02,02,02,动态提取罐,,3572,43932,19150,19150
35,30,02,02,99,其他提取罐,,3572,43932,19151,19151
35,30,02,03,00,物料罐,主要用于生化发酵生产，如生产味精、柠檬酸、酶制剂、甘油、制药、食品等行业,3572,43932,19152,19152
35,30,02,99,00,其他发酵、提取设备,,3572,43932,19153,19153
35,30,03,,,浓缩设备,包括污水处理用蒸发装置,3572,,19154,19154
35,30,03,01,,蒸发器,,3572,,19155,19155
35,30,03,01,01,真空蒸发器,包括外加热式真空蒸发器,3572,43932,19156,19156
35,30,03,01,02,薄膜蒸发器,包括离心式刮板薄膜蒸发器、刮膜式薄膜蒸发器,3572,43932,19157,19157
35,30,03,01,03,氨蒸发器,,3572,43932,19158,19158
35,30,03,01,04,旋转蒸发器,,3572,43932,19159,19159
35,30,03,01,05,悬框式蒸发器,,3572,43932,19160,19160
35,30,03,01,06,螺旋管蒸发器,,3572,43932,19161,19161
35,30,03,01,99,其他蒸发器,,3572,43932,19162,19162
35,30,03,02,,浓缩机（罐）,,3572,,19163,19163
35,30,03,02,01,真空减压浓缩罐,,3572,43932,19164,19164
35,30,03,02,02,外循环浓缩锅,,3572,43932,19165,19165
35,30,03,02,03,动态热回流提取浓缩机,,3572,43932,19166,19166
35,30,03,02,04,真空浓缩器,包括三效节能外循换环真空浓缩器,3572,43932,19167,19167
35,30,03,02,99,其他浓缩机（罐）,,3572,43932,19168,19168
35,30,03,03,,结晶设备,,3572,,19169,19169
35,30,03,03,01,套管结晶机,,3572,43932,19170,19170
35,30,03,03,02,结晶釜,,3572,43932,19171,19171
35,30,03,03,99,其他结晶设备,,3572,43932,19172,19172
35,30,03,04,,冻干设备,,3572,,19173,19173
35,30,03,04,01,多功能真空冻干设备,,3572,43932,19174,19174
35,30,03,04,99,其他冻干设备,,3572,43932,19175,19175
35,30,03,99,00,其他浓缩设备,,3572,43932,19176,19176
35,30,04,,,干燥、分散、混合设备及类似设备,,,,19177,19177
35,30,04,01,,干燥设备,,3579,,19178,19178
35,30,04,01,01,流化床干燥设备,,3579,43932,19179,19179
35,30,04,01,02,喷雾干燥设备,,3579,43932,19180,19180
35,30,04,01,03,气流干燥设备,,3579,43932,19181,19181
35,30,04,01,04,桨叶式干燥设备,,3579,43932,19182,19182
35,30,04,01,05,盘式干燥设备,,3579,43932,19183,19183
35,30,04,01,06,耙式干燥设备,,3579,43932,19184,19184
35,30,04,01,07,厢式和带式干燥设备,,3579,43932,19185,19185
35,30,04,01,08,回转干燥设备,,3579,43932,19186,19186
35,30,04,01,09,转鼓干燥设备,,3579,43932,19187,19187
35,30,04,01,10,太阳能干燥,,3579,43932,19188,19188
35,30,04,01,11,微波干燥设备,,3579,43932,19189,19189
35,30,04,01,12,远红外干燥设备,,3579,43932,19190,19190
35,30,04,01,13,造粒设备,,3579,43932,19191,19191
35,30,04,01,14,煅烧设备,,3579,43932,19192,19192
35,30,04,01,15,蒸汽回转干燥机,,3579,43932,19193,19193
35,30,04,01,16,流态化煅烧机,,3579,43932,19194,19194
35,30,04,01,17,组合干燥设备,,3579,43932,19195,19195
35,30,04,01,18,管束式干燥机,,3579,43932,19196,19196
35,30,04,01,19,旋转闪蒸干燥机,,3579,43932,19197,19197
35,30,04,01,99,其他干燥设备,,3579,43932,19198,19198
35,30,04,02,,均质乳化设备,,3572,,19199,19199
35,30,04,02,01,真空均质乳化成套设备,,3572,43932,19200,19200
35,30,04,02,02,真空均质乳化锅,,3572,43932,19201,19201
35,30,04,02,03,高剪切混合乳化机,,3572,43932,19202,19202
35,30,04,02,99,其他均质乳化设备,,3572,43932,19203,19203
35,30,04,03,,分散、混合设备,,3572,,19204,19204
35,30,04,03,01,GF系列分散机,包括调速分散机、高速分散机,3572,43932,19205,19205
35,30,04,03,02,臂式非对称双螺锥形混合机,,3572,43932,19206,19206
35,30,04,03,03,ZKH-V型混合机,,3572,43932,19207,19207
35,30,04,03,99,其他分散、混合设备,,3572,43932,19208,19208
35,30,05,,,热交换装置,,3621,,19209,19209
35,30,05,01,,浮头列管式换热器,,3621,,19210,19210
35,30,05,01,01,石墨制浮头列管式换热器,,3621,43911,19211,19211
35,30,05,01,99,其他浮头列管式换热器,,3621,43911,19212,19212
35,30,05,02,00,重整换热器,,3621,43911,19213,19213
35,30,05,03,,加氢换热器,,3621,,19214,19214
35,30,05,03,01,螺纹锁紧环式加氢换热器,,3621,43911,19215,19215
35,30,05,03,99,其他加氢换热器,,3621,43911,19216,19216
35,30,05,04,,圆块孔式换热器,,3621,,19217,19217
35,30,05,04,01,石墨制圆块孔式换热器,,3621,43911,19218,19218
35,30,05,04,99,其他圆块孔式换热器,,3621,43911,19219,19219
35,30,05,05,,矩形块孔式换热器,,3621,,19220,19220
35,30,05,05,01,石墨制矩形块孔式换热器,,3621,43911,19221,19221
35,30,05,05,99,其他矩形块孔式换热器,,3621,43911,19222,19222
35,30,05,06,00,螺旋板式换热器,,3621,43911,19223,19223
35,30,05,07,00,淋洒式换热器,,3621,43911,19224,19224
35,30,05,08,00,套筒式换热器,,3621,43911,19225,19225
35,30,05,09,00,碟片式换热器,,3621,43911,19226,19226
35,30,05,10,,列管式再沸器,,3621,,19227,19227
35,30,05,10,01,石墨制浮头列管式再沸器,,3621,43911,19228,19228
35,30,05,10,99,其他列管式再沸器,,3621,43911,19229,19229
35,30,05,99,00,其他热交换装置,,3621,43911,19230,19230
35,30,06,,,加热设备,,3572,,19231,19231
35,30,06,01,,蒸煮设备,不包括造纸用蒸煮设备,3572,,19232,19232
35,30,06,01,01,蒸煮器,,3572,43932,19233,19233
35,30,06,01,02,汽蒸设备,,3572,43932,19234,19234
35,30,06,01,03,杀菌锅,,3572,43932,19235,19235
35,30,06,01,04,碱熔锅,,3572,43932,19236,19236
35,30,06,01,05,中和槽,,3572,43932,19237,19237
35,30,06,01,06,固碱锅,,3572,43932,19238,19238
35,30,06,01,07,洗液锅,,3572,43932,19239,19239
35,30,06,01,08,水油相溶解锅,,3572,43932,19240,19240
35,30,06,01,99,其他蒸煮设备,不包括食品工业加热机械设备,3572,43932,19241,19241
35,30,06,02,,压热器,,3572,,19242,19242
35,30,06,02,01,水解木材用压热器,,3572,43932,19243,19243
35,30,06,02,02,硫化橡胶用压热器,,3572,43932,19244,19244
35,30,06,02,99,其他压热器,,3572,43932,19245,19245
35,30,06,03,00,退火炉,,3572,43932,19246,19246
35,30,06,04,00,分汽缸,,3572,43932,19247,19247
35,30,06,99,00,其他加热设备,,3572,43932,19248,19248
35,30,07,,,冷却设备,,3572,,19249,19249
35,30,07,01,00,冰盐冷却装置,,3572,43932,19250,19250
35,30,07,02,00,气体冷凝器,包括氮或其他气体的冷凝器，不包括蒸汽冷凝器,3572,43932,19251,19251
35,30,07,03,00,冷却塔,包括供粮食磨粉工业用的冷却塔,3572,43932,19252,19252
35,30,07,04,00,炼油、化工用高压空气冷却器,,3572,43932,19253,19253
35,30,07,99,00,其他冷却设备,包括胶片冷却装置、注塑模具冷却机,3572,43932,19254,19254
35,30,99,00,00,其他利用温度变化加工机械,,3572,43932,19255,19255
35,31,,,,液体气体过滤、净化机械,,,,19256,19256
35,31,01,,,液体过滤、净化机械,,3572,,19257,19257
35,31,01,01,,水过滤、净化机械及装置,不包括家用型滤水器,3572,,19258,19258
35,31,01,01,01,反渗透装置,,3572,43914,19259,19259
35,31,01,01,02,EDI装置,,3572,43914,19260,19260
35,31,01,01,03,超滤设备,医用滤水器（超滤）,3572,43914,19261,19261
35,31,01,01,04,纳滤装置,,3572,43914,19262,19262
35,31,01,01,05,精滤装置,,3572,43914,19263,19263
35,31,01,01,06,机械过滤装置,,3572,43914,19264,19264
35,31,01,01,07,软水器,,3572,43914,19265,19265
35,31,01,01,08,离子交换器,包括制药用水设备,3572,43914,19266,19266
35,31,01,01,09,中水回用装置,指洗车废水回用水处理设备,3572,43914,19267,19267
35,31,01,01,99,其他水过滤、净化机械及装置,,3572,43914,19268,19268
35,31,01,02,,压滤机,不含农产品加工专用压滤机,3572,,19269,19269
35,31,01,02,01,厢式压滤机,,3572,43914,19270,19270
35,31,01,02,02,隔膜压榨式压滤机,,3572,43914,19271,19271
35,31,01,02,03,板框式压滤机,,3572,43914,19272,19272
35,31,01,02,04,带式压滤机,,3572,43914,19273,19273
35,31,01,02,05,全自动压滤机,,3572,43914,19274,19274
35,31,01,02,99,其他压滤机,,3572,43914,19275,19275
35,31,01,03,,袋式过滤器,,3572,,19276,19276
35,31,01,03,01,单式过滤器,,3572,43914,19277,19277
35,31,01,03,02,双联过滤器,,3572,43914,19278,19278
35,31,01,03,99,其他袋式过滤器,,3572,43914,19279,19279
35,31,01,04,,烛式过滤机,,3572,,19280,19280
35,31,01,04,01,预涂式烛式过滤机,,3572,43914,19281,19281
35,31,01,04,02,ZL烛式过滤机,,3572,43914,19282,19282
35,31,01,04,03,倒立式烛式过滤机,,3572,43914,19283,19283
35,31,01,04,04,ZTG烛式过滤机,,3572,43914,19284,19284
35,31,01,04,05,烛式硅藻土过滤机,,3572,43914,19285,19285
35,31,01,04,99,其他烛式过滤机,,3572,43914,19286,19286
35,31,01,05,,液体真空过滤器,,3572,,19287,19287
35,31,01,05,01,转筒式真空过滤机,,3572,43914,19288,19288
35,31,01,05,02,间歇式真空过滤机,,3572,43914,19289,19289
35,31,01,05,03,高效真空净油机,,3572,43914,19290,19290
35,31,01,05,99,其他液体真空过滤器,,3572,43914,19291,19291
35,31,01,06,,电渗析器,包括制药用水设备,3572,,19292,19292
35,31,01,06,01,自动频繁倒极电渗析器,,3572,43914,19293,19293
35,31,01,06,99,其他电渗析器,,3572,43914,19294,19294
35,31,01,07,,反渗透制水装置,包括制药用水设备,3572,,19295,19295
35,31,01,07,01,PO反渗透净水设备系统,,3572,43914,19296,19296
35,31,01,07,99,其他反渗透制水装置,,3572,43914,19297,19297
35,31,01,99,00,其他液体过滤、净化机械,,3572,43914,19298,19298
35,31,02,,,气体过滤、净化机械及装置,不包括家用型气体过滤、净化器,3572,,19299,19299
35,31,02,01,,机械法气体过滤器,包括机械或物理法气体过滤器及净化器，包括滤烟器,3572,,19300,19300
35,31,02,01,01,滤袋式过滤器,,3572,43914,19301,19301
35,31,02,01,02,网式过滤器,,3572,43914,19302,19302
35,31,02,01,03,转鼓过滤器,,3572,43914,19303,19303
35,31,02,01,04,纸质过滤器,,3572,43914,19304,19304
35,31,02,01,05,纤维填充过滤器,,3572,43914,19305,19305
35,31,02,01,06,滤烟器,,3572,43914,19306,19306
35,31,02,01,99,其他机械法气体过滤器,板框过滤机、叶滤机、其他过滤机,3572,43914,19307,19307
35,31,02,02,,气体真空过滤机,,3572,,19308,19308
35,31,02,02,01,圆盘真空过滤机,,3572,43914,19309,19309
35,31,02,02,02,转台真空过滤机,,3572,43914,19310,19310
35,31,02,02,03,带式真空过滤机,,3572,43914,19311,19311
35,31,02,02,04,转鼓真空过滤机,包括外滤面转鼓真空过滤机、密闭式转鼓真空过滤机、其他转鼓真空过滤机,3572,43914,19312,19312
35,31,02,02,99,其他气体真空过滤机,,3572,43914,19313,19313
35,31,02,03,,气体净化器,不包括大气污染治理净化装置,3572,,19314,19314
35,31,02,03,01,再生式气体净化器,,3572,43914,19315,19315
35,31,02,03,02,有害气体净化器,,3572,43914,19316,19316
35,31,02,03,99,其他气体净化器,,3572,43914,19317,19317
35,31,02,04,,涤气器,用于净化发生炉煤气或煤气,3572,,19318,19318
35,31,02,04,01,干湿涤气器,,3572,43914,19319,19319
35,31,02,04,02,旋转涤气器,,3572,43914,19320,19320
35,31,02,04,99,其他涤气器,,3572,43914,19321,19321
35,31,02,05,,吸收器（塔）,,3572,,19322,19322
35,31,02,05,01,降膜吸收器,,3572,43914,19323,19323
35,31,02,05,02,石墨降膜吸收器,,3572,43914,19324,19324
35,31,02,05,03,石墨制浮头列管式吸收器,,3572,43911,19325,19325
35,31,02,05,99,其他吸收器（塔）,,3572,43914,19326,19326
35,31,02,99,00,其他气体过滤、净化机械及装置,包括物理式或静电式,3572,43914,19327,19327
35,31,03,,,发动机燃油、进气过滤器,,3572,,19328,19328
35,31,03,01,00,滤油器,指供内燃发动机、机床等用的滤油器,3572,43915,19329,19329
35,31,03,02,00,吸气过滤器,,3572,43915,19330,19330
35,31,03,03,00,机动车净化装置,,3572,43915,19331,19331
35,31,03,99,00,其他发动机燃油、进气过滤器,,3572,43915,19332,19332
35,31,04,,,离心机,不包括奶油分离器、干衣机,3579,,19333,19333
35,31,04,01,,脱水离心机,,3579,,19334,19334
35,31,04,01,01,污泥脱水离心机,,3579,43931,19335,19335
35,31,04,01,02,高速脱水离心机,,3579,43931,19336,19336
35,31,04,01,99,其他脱水用离心机,,3579,43931,19337,19337
35,31,04,02,,固液分离机,指沉降离心机包括石油产品脱蜡用离心机、精炼食糖用的离心机、乳品的奶油分离机及离心澄清器、硝化离心机、酵母菌分离器、高速抗生素提取器等,3579,,19338,19338
35,31,04,02,01,螺旋卸料沉降离心机,,3579,43931,19339,19339
35,31,04,02,02,三足式沉降离心机,,3579,43931,19340,19340
35,31,04,02,03,管式分离机,,3579,43931,19341,19341
35,31,04,02,04,碟式分离机,,3579,43931,19342,19342
35,31,04,02,05,刮刀卸料沉降离心机,,3579,43931,19343,19343
35,31,04,02,99,其他固液分离机,,3579,43931,19344,19344
35,31,04,03,,过滤离心机,,3579,,19345,19345
35,31,04,03,01,三足式上卸料过滤离心机,,3579,43931,19346,19346
35,31,04,03,02,立式锥篮离心机,,3579,43931,19347,19347
35,31,04,03,03,上悬式离心机,,3579,43931,19348,19348
35,31,04,03,04,卧式刮刀卸料离心机,,3579,43931,19349,19349
35,31,04,03,05,卧式活塞推料离心机,,3579,43931,19350,19350
35,31,04,03,06,螺旋卸料过滤离心机,,3579,43931,19351,19351
35,31,04,03,07,螺旋卸料沉降-过滤离心机,,3579,43931,19352,19352
35,31,04,03,08,旁滤式离心机,,3579,43931,19353,19353
35,31,04,03,99,其他过滤离心机,,3579,43931,19354,19354
35,31,04,04,,离心干燥机,,3579,,19355,19355
35,31,04,04,01,颗粒离心干燥机,,3579,43931,19356,19356
35,31,04,04,02,热风离心干燥机,,3579,43931,19357,19357
35,31,04,04,03,普通离心式喷雾干燥机,,3579,43931,19358,19358
35,31,04,04,04,高速离心喷雾干燥机,,3579,43931,19359,19359
35,31,04,04,05,离心真空干燥机,,3579,43931,19360,19360
35,31,04,04,99,其他离心干燥机,,3579,43931,19361,19361
35,31,04,05,,医用离心机,,3579,,19362,19362
35,31,04,05,01,冷冻超速离心机,,3579,43931,19363,19363
35,31,04,05,02,冷冻高速离心机,,3579,43931,19364,19364
35,31,04,05,03,高速离心机,,3579,43931,19365,19365
35,31,04,05,04,低速离心机,,3579,43931,19366,19366
35,31,04,05,99,其他医用离心机,,3579,43931,19367,19367
35,31,04,06,,密闭离心机,,3579,,19368,19368
35,31,04,06,01,SB密闭离心机,包括SB直联式密闭离心机,3579,43931,19369,19369
35,31,04,06,02,人工卸料密闭离心机,,3579,43931,19370,19370
35,31,04,06,99,其他密闭离心机,,3579,43931,19371,19371
35,31,04,99,00,其他离心机,包括供实验室用的离心机,3579,43931,19372,19372
35,31,05,,,离心、过滤、净化机设备及其零件,,3579,,19373,19373
35,31,05,01,00,分离、过滤、净化机械零件,,3579,43942,19374,19374
35,31,05,02,00,离心机零件,包括离心干燥机零件,3579,43942,19375,19375
35,32,,,,工商用制冷、空调设备,,3573,,19376,19376
35,32,01,,,工商用制冷设备,,3573,,19377,19377
35,32,01,01,00,工商用制冰机,最大产冰量为310kg/24h；不包括家用型制冰机,3573,43913,19378,19378
35,32,01,02,00,速冻机,制造冰的制冷设备,3573,43913,19379,19379
35,32,01,03,00,冷饮机,降温速率很快的冻结，以便在被冻结的食品或其他物品中产生预期结晶结构的设备,3573,43913,19380,19380
35,32,01,04,00,雪泥机,,3573,43913,19381,19381
35,32,01,05,00,工商用冰淇淋机,包括软冰淇淋机、硬冰淇淋机、冰淇淋原料杀菌机；不包括家用型冰淇淋机,3573,43913,19382,19382
35,32,01,06,00,炒冰机,包括单锅炒冰机、双锅炒冰机,3573,43913,19383,19383
35,32,01,07,00,食品真空冷冻干燥机,由使食品干燥的真空容器及加热系统、制冷系统、真空系统和电气空气系统等组成的成套设备,3573,43913,19384,19384
35,32,01,08,00,谷物冷却机,一种用于粮食低温处藏、向粮仓提供一定温度、湿度空气的设备；主要包括制冷系统以及送风和净化装置，还可以包括调湿和风量调节装置,3573,43913,19385,19385
35,32,01,09,00,组合式冷库,包括气调库,3573,43913,19386,19386
35,32,01,99,00,其他工商用制冷设备,,3573,43913,,
35,32,02,,,工商用冷藏、冷冻柜及类似设备,包括工业用、医用及商用等非家用冷藏、冷冻柜及类似设备；不包括家用和类似用途的冷藏冷冻箱、冷藏箱、冷冻箱、冷藏冷冻箱展示柜,3573,,19387,19387
35,32,02,01,,冷冻冷藏陈列展示柜,带制冷机组的能展示内放冷藏商品的货柜,3573,,19388,19388
35,32,02,01,01,冷冻陈列展示柜,,3573,43913,19389,19389
35,32,02,01,02,冷藏陈列展示柜,,3573,43913,19390,19390
35,32,02,02,00,食品冷冻冷藏箱（柜）,比家用冰箱容量大的隔热体，如厨房冰箱、商用冷藏柜等,3573,43913,19391,19391
35,32,02,03,00,医用及科研用冷冻冷藏箱（柜）,,3573,43913,19392,19392
35,32,02,04,00,工作台冰箱,,3573,43913,19393,19393
35,32,02,99,00,其他工商用冷藏、冷冻柜及类似设备,,3573,43913,19394,19394
35,32,03,,,中央空调冷水/热泵机组,指通过四通换向阀实现蒸发器与冷凝器的功能切换，达到使载冷剂（一般为水）被冷却（加热）的制冷机组；该机组一般被用作公共建筑中中央空调的主机,3573,,19395,19395
35,32,03,01,00,活塞式冷水（热泵）机组,指使用活塞式制冷压缩机的冷水/热泵机组,3573,43913,19396,19396
35,32,03,02,00,涡旋式冷水（热泵）机组,指使用涡旋式制冷压缩机的冷水/热泵机组,3573,43913,19397,19397
35,32,03,03,00,螺杆式冷水（热泵）机组,指使用螺杆式制冷压缩机的冷水/热泵机组,3573,43913,19398,19398
35,32,03,04,00,离心式冷水（热泵）机组,指使用离心式制冷压缩机的冷水/热泵机组,3573,43913,19399,19399
35,32,03,05,00,溴化锂式冷水机组,以水为制冷剂，溴化锂水溶液为吸收剂，按吸收式制冷循环工作的冷水机组,3573,43913,19400,19400
35,32,03,06,00,水源热泵机组,一种采用循环流动于共用管路中的水、从水井、湖泊或河流中抽取的水或在地下盘管中循环流动的水为冷（热）源，制取冷（热）风或冷（热）水的设备；包括一个使用侧换热设备、压缩机、热源侧换热设备，具有单制冷或制冷和制热功能；水源热泵机组按使用侧换热设备的形式分为冷热风型水源热泵机组（即水－空气型水源热泵机组）和冷热水型水源热泵机组（水－水型水源热泵机组）,3573,43913,19401,19401
35,32,04,,,工商用空调设备,不包括制冷量≤14000W的家用和类似用途空调设备,3573,,19402,19402
35,32,04,01,,房间空调器，制冷量＞14000W,一种向密闭空间、房间或区域直接提供经过处理的空气的设备，主要包括一个制冷和除湿用的制冷系统以及空气循环和净化装置，还可包括加热和通风装置（可被组装在一个箱壳或被设计成一起使用的组件系统）；不包括家用房间空气调节器,3573,,19403,19403
35,32,04,01,01,窗式空调器，制冷量＞14000W,,3573,43912,19404,19404
35,32,04,01,02,壁挂式空调器，制冷量＞14000W,,3573,43912,19405,19405
35,32,04,01,99,其他房间空调器，制冷量＞14000W,,3573,43912,19406,19406
35,32,04,02,,单元式空调机组,一种向密闭空间、房间或区域直接提供处理空气的设备；主要包括制冷系统以及空气循环和净化装置，还可以包括加热、加湿和通风装置,3573,,19407,19407
35,32,04,02,01,屋顶式空调（热泵）机组,安装在屋顶的单元式空调机，可直接将通过蒸发器的冷空气送入室内或通过管道送入室内,3573,43912,19408,19408
35,32,04,02,02,多联式空调（热泵）机组,一台或数台风冷室外机可连接数台不同或相同型式、容量的直接蒸发式室内机构成单一制冷循环系统，它可以向一个或数个区域直接提供处理后的空气,3573,43912,19409,19409
35,32,04,02,03,风管送风式空调（热泵）机组,一种通过风管向密闭空间、房间或区域直接提供集中处理空气的设备，主要包括制冷系统以及空气循环和净化装置，还可以包括加热、加湿和通风装置,3573,43912,19410,19410
35,32,04,02,04,专用空调机组（工艺性）,指用于某些有特殊空气条件要求的工业设施（例如，通信、电子、医院、纺织、造纸、烟草、食品工业等）的空气调节机，包括机房空调机、洁净空调、医用空调、恒湿机、防爆空调等,3573,43912,19411,19411
35,32,04,03,00,车用空调设备,机动车辆上供人使用的空气调节设备，包括轿车用空调、中/大巴用空调、工程车用空调等,3573,43912,19412,19412
35,32,04,04,00,加湿设备,安装在空调设备中用以增加流过该设备的空气含湿量的装置；不包括家用加湿器,3573,43912,19413,19413
35,32,04,05,00,除湿设备,一种以机械制冷方式去降低空气含湿量的空调设备；不包括家用除湿器,3573,43912,19414,19414
35,32,04,99,00,其他工商用空调设备,,3573,43912,19415,19415
35,32,05,00,00,工商用制冷、空调设备零部件,,3573,43941,19416,19416
35,33,,,,风动和电动工具,,3574,,19417,19417
35,33,01,,,风动手提工具,指手提式风动或液压工具包括装有气动机（或气动活塞）、内燃机或其他非电动的动力机（例如，小型液力涡轮机）的工具,3574,,19418,19418
35,33,01,01,00,风动钻机,,3574,44231,19419,19419
35,33,01,02,00,风镐（气镐）,,3574,44231,19420,19420
35,33,01,03,00,风铲,,3574,44231,19421,19421
35,33,01,04,00,手提式气动锯,,3574,44231,19422,19422
35,33,01,05,00,手提式链锯,非电力手提式链锯,3574,44231,19423,19423
35,33,01,06,00,液压混凝土振动器,,3574,44231,19424,19424
35,33,01,07,00,风动攻丝机,,3574,44231,19425,19425
35,33,01,08,00,风动铰孔机,,3574,44231,19426,19426
35,33,01,09,00,气动冲击扳手/液压扳手,,3574,44231,19427,19427
35,33,01,10,00,风动镗孔机,,3574,44231,19428,19428
35,33,01,11,00,风砂轮,,3574,44231,19429,19429
35,33,01,12,00,风动锤,包括錾平锤、敲锈锤、堵缝锤、铆钉锤等,3574,44231,19430,19430
35,33,01,13,00,风动锉机,包括气动锉刀,3574,44231,19431,19431
35,33,01,14,00,风动研磨机,包括气磨机,3574,44231,19432,19432
35,33,01,15,00,风板机,,3574,44231,19433,19433
35,33,01,16,00,气动螺刀,包括机动螺丝刀、螺帽拧入或拧出器,3574,44231,19434,19434
35,33,01,17,00,气动剪刀,,3574,44231,19435,19435
35,33,01,18,00,气动式手提夹钳工具,,3574,44231,19436,19436
35,33,01,19,00,气动手提打包机,,3574,44231,19437,19437
35,33,01,20,00,气动式油脂枪,,3574,44231,19438,19438
35,33,01,99,00,其他手提式风动工具,包括手提式气动羊毛取样钻,3574,44231,19439,19439
35,33,02,,,电动手提式工具,手提式电动液压开孔器,3574,,19440,19440
35,33,02,01,,电钻（手提式）,,3574,,19441,19441
35,33,02,01,01,冲击钻,,3574,44232,19442,19442
35,33,02,01,02,手电钻,,3574,44232,19443,19443
35,33,02,01,99,其他电钻,指其他手提式电钻,3574,44232,19444,19444
35,33,02,02,,电锯,,3574,,19445,19445
35,33,02,02,01,电动链锯,,3574,44232,19446,19446
35,33,02,02,99,其他电锯,指其他手提式电锯,3574,44232,19447,19447
35,33,02,03,00,手提式电刨,包括电动刨削、修整、磨平器具及类似工具,3574,44232,19448,19448
35,33,02,04,00,电动锤,包括电动琢锤、铲锤、捻缝锤、铆钉锤,3574,44232,19449,19449
35,33,02,05,00,电动锉削机,,3574,44232,19450,19450
35,33,02,06,00,电动雕刻工具,,3574,44232,19451,19451
35,33,02,07,00,电动射钉枪,,3574,44232,19452,19452
35,33,02,08,00,电动铆钉枪,,3574,44232,19453,19453
35,33,02,09,00,电动锉具,,3574,44232,19454,19454
35,33,02,10,00,电动手提磨床,,3574,44232,19455,19455
35,33,02,11,00,电动手提砂光机,,3574,44232,19456,19456
35,33,02,12,00,电动手提抛光器,,3574,44232,19457,19457
35,33,02,13,00,电剪刀,,3574,44232,19458,19458
35,33,02,14,00,电动刷具,包括电动钢丝刷机,3574,44232,19459,19459
35,33,02,99,00,其他电动手提式工具,,3574,44232,19460,19460
35,33,03,,,风动和电动工具零件,,3574,,19461,19461
35,33,03,01,00,手提式链锯零件,,3574,44253,19462,19462
35,33,03,02,00,风动手提式工具零件,,3574,44253,19463,19463
35,33,03,03,00,电动手提式链锯用零件,,3574,44254,19464,19464
35,33,03,99,00,其他风动和电动工具零件,,3574,4425,19465,19465
35,34,,,,喷枪及类似器具,指用于喷射油漆或涂料、清漆、油、塑料、水泥、金属粉、纺织纤维粉末等，也可喷射出强大的压缩空气流或蒸汽流，用以在建筑、雕塑等工作中清洗石料的器具,3575,,19466,19466
35,34,01,,,喷枪,包括金属线材喷涂枪,3575,,19467,19467
35,34,01,01,00,自动喷枪,包括自动无气喷枪、空气自动喷枪、空气辅助无气自动喷枪,3575,43923,19468,19468
35,34,01,02,00,手动喷枪,包括手动无气喷枪,3575,43923,19469,19469
35,34,01,03,00,离子风喷枪,适用于电子、胶片,3575,43923,19470,19470
35,34,01,04,00,精细空气喷枪,,3575,43923,19471,19471
35,34,01,05,00,光触媒喷枪,包括光触媒喷涂专用喷枪,3575,43923,19472,19472
35,34,01,99,00,其他喷枪,,3575,43923,19473,19473
35,34,02,,,喷涂机,包括喷漆设备,3575,,19474,19474
35,34,02,01,00,高能喷涂枪,,3575,43923,19475,19475
35,34,02,02,00,推式喷涂枪,,3575,43923,19476,19476
35,34,02,03,00,拉式喷涂枪,,3575,43923,19477,19477
35,34,02,04,00,静电喷涂机,包括手动静电喷涂机、自动静电喷涂机、手动静电双系统喷涂机、手动静电漆枪,3575,43923,19478,19478
35,34,02,05,00,实验喷涂机,,3575,43923,19479,19479
35,34,02,06,00,高压无气喷涂机,建筑装饰用,3575,43923,19480,19480
35,34,02,07,00,二液无气喷涂机,,3575,43923,19481,19481
35,34,02,08,00,管道内壁喷涂器,,3575,43923,19482,19482
35,34,02,09,00,旋蝶喷漆设备,,3575,43923,19483,19483
35,34,02,99,00,其他喷涂机,,3575,43923,19484,19484
35,34,03,,,喷射机械,,3575,,19485,19485
35,34,03,01,,喷砂机,,3575,,19486,19486
35,34,03,01,01,液体喷砂机,,3575,43923,19487,19487
35,34,03,01,02,干式喷砂机,,3575,43923,19488,19488
35,34,03,01,03,循环回收式喷砂机,指集喷砂、回收、循环、分离、除尘于一体，无污染及砂料四处飞扬现象，是新一代的环保型喷砂设备,3575,43923,19489,19489
35,34,03,01,99,其他喷砂机,包括普压式手动喷砂机,3575,43923,19490,19490
35,34,03,02,00,喷汽机,喷汽机械用以除去金属机件上的油漆等,3575,43923,19491,19491
35,34,03,03,00,灰浆机,,3575,43923,19492,19492
35,34,03,04,00,喷砂房,,3575,43923,19493,19493
35,34,03,99,00,其他喷射机械,,3575,43923,19494,19494
35,34,04,,,喷水器、喷雾器,,3575,,19495,19495
35,34,04,01,00,家用喷雾器、喷壶及类似喷射器具,,3575,43923,19496,19496
35,34,04,02,00,船用洗舱机,,3575,43923,19497,19497
35,34,04,03,00,水枪,指可喷射强大的水柱，用以从山坡等处冲落矿物（例如，金矿砂）的器具,3575,43923,19498,19498
35,34,04,04,00,冲洗机械装置,包括汽车挡风玻璃及车头灯的冲洗机械装置,3575,43923,19499,19499
35,34,04,99,00,其他喷水器、喷雾器,指其他液体或粉末喷射机械装置，不包括农用喷射机械及器具,3575,43923,19500,19500
35,34,05,,,喷枪及类似器具零件,,3575,,19501,19501
35,34,05,01,00,家用液体或粉末喷射机械零件,,3575,43943,19502,19502
35,34,05,99,00,其他喷枪及类似器具零件,指其他喷射、喷雾机具零件,3575,43943,19503,19503
35,35,,,,包装专用设备,,3576,,19504,19504
35,35,01,,,包装容器洗涤及干燥机械,包括药品包装容器的清洁、洗涤、冲洗机械,3576,,19505,19505
35,35,01,01,00,清洁、洗涤、冲洗机械,,3576,43921,19506,19506
35,35,01,02,00,安瓿擦瓶机,,3576,43921,19507,19507
35,35,01,03,00,包装容器专用干燥机械,,3576,43921,19508,19508
35,35,01,04,00,灭菌检漏设备,,3576,43921,19509,19509
35,35,01,99,00,其他包装容器洗涤及干燥机械,,3576,43921,19510,19510
35,35,02,,,灌装、装填容器用机械,指桶、琵琶桶、罐、瓶、坛、管、安瓿、箱、包、袋等容器的装填机器，常配有辅助性的自动计量或计重控制装置，以及对容器进行封口的设备,3576,,19511,19511
35,35,02,01,,饮料及液体食品灌装设备,指瓶子的灌装及封口机械包括饮料充气机，即配有用以在灌装饮料的同时充入二氧化碳气体的装置,3576,,19512,19512
35,35,02,01,01,手提式液体食品灌装机,包括电动手提式的饮料及液体食品罐装设备,3576,43921,19513,19513
35,35,02,01,02,非手提式液体食品灌装机械,,3576,43921,19514,19514
35,35,02,01,03,饮料真空包装机,,3576,43921,19515,19515
35,35,02,01,04,饮料收缩包装机,,3576,43921,19516,19516
35,35,02,01,05,饮料充气机,,3576,43921,19517,19517
35,35,02,01,99,其他饮料及液体食品灌装设备,,3576,43921,19518,19518
35,35,02,02,,水泥灌装机,,3576,,19519,19519
35,35,02,02,01,全自动水泥灌包机,,3576,43921,19520,19520
35,35,02,02,99,其他水泥灌装机,,3576,43921,19521,19521
35,35,02,03,,固体产品灌装机、包装机,包括固体食品及其他产品灌装机、包装机,3576,,19522,19522
35,35,02,03,01,固体产品真空包装机,,3576,43921,19523,19523
35,35,02,03,02,裹包机,,3576,43921,19524,19524
35,35,02,03,03,充填机,,3576,43921,19525,19525
35,35,02,03,04,贴体包装机,,3576,43921,19526,19526
35,35,02,03,05,吸塑包装机,,3576,43921,19527,19527
35,35,02,03,06,塑料袋封口机,,3576,43921,19528,19528
35,35,02,03,07,泡罩包装机,,3576,43921,19529,19529
35,35,02,03,08,热成型包装机,,3576,43921,19530,19530
35,35,02,03,09,物料整理排列机,,3576,43921,19531,19531
35,35,02,03,10,移动式定量包装车,,3576,43921,19532,19532
35,35,02,03,99,其他固体产品灌装机、包装机,,3576,43921,19533,19533
35,35,02,99,00,其他灌装、装填容器用机械,,3576,43921,19534,19534
35,35,03,,,容器装封、贴标签及包封机,,3576,,19535,19535
35,35,03,01,,纸板箱装箱包装机,本类机械可配有定型、印刷、捆扎、装订、包边、胶贴、封口装置或对包装进行最后整理的装置包括把已装填好的罐头、瓶子等装入外包装（板条箱、箱子等）的机械,3576,,19536,19536
35,35,03,01,01,装箱机,,3576,43921,19537,19537
35,35,03,01,02,装盒机,,3576,43921,19538,19538
35,35,03,01,03,纸箱封口机,,3576,43921,19539,19539
35,35,03,01,99,其他纸板箱装箱包装机,,3576,43921,19540,19540
35,35,03,02,,瓶、坛封口、加塞或压盖机械,,3576,,19541,19541
35,35,03,02,01,封罐机,包括焊接封口机,3576,43921,19542,19542
35,35,03,02,02,封盖机,,3576,43921,19543,19543
35,35,03,02,03,压盖机,,3576,43921,19544,19544
35,35,03,02,04,旋盖机,,3576,43921,19545,19545
35,35,03,02,05,振荡落盖装置,,3576,43921,19546,19546
35,35,03,02,06,掀盖装置,,3576,43921,19547,19547
35,35,03,02,99,其他瓶、坛封口、加塞或压盖机械,,3576,43921,19548,19548
35,35,03,03,,贴标签机械,,3576,,19549,19549
35,35,03,03,01,贴标机,包括安瓿色标机,3576,43921,19550,19550
35,35,03,03,02,喷码机,,3576,43921,19551,19551
35,35,03,03,03,标签压印器,,3576,43921,19552,19552
35,35,03,03,99,其他贴标签机械,,3576,43921,19553,19553
35,35,03,04,,打包机及捆扎机,,3576,,19554,19554
35,35,03,04,01,扎口机,,3576,43921,19555,19555
35,35,03,04,02,捆扎机,,3576,43921,19556,19556
35,35,03,04,03,便携式打包器械,指手工操作的便携式打包器械,3576,43921,19557,19557
35,35,03,04,04,热缩包装机,,3576,43921,19558,19558
35,35,03,04,99,其他打包机及捆扎机,,3576,43921,19559,19559
35,35,03,99,00,其他容器装封、贴标签及包封机,,3576,43921,19560,19560
35,35,04,,,包装专用设备零件,,3576,,19561,19561
35,35,04,01,00,饮料及液体食品灌装设备零件,,3576,43944,19562,19562
35,35,04,99,00,其他包装专用设备零件,,3576,43944,19563,19563
35,36,,,,衡器（秤）,指由秤体（承载器）、传力机构、显示器三部分组成的整体衡器（缺任一部分都只能统计为衡器部件）,3577,,19564,19564
35,36,01,,,工业用衡器,,3577,,19565,19565
35,36,01,01,,地上衡,指装配于地面上的大型平台秤（即最小称量≥2t的衡器）；包括机械式、电子式等地上衡,3577,,19566,19566
35,36,01,01,01,地上平台秤,指2t≤称量≤10t的地上平台秤；包括机械式、电子式等,3577,43922,19567,19567
35,36,01,01,02,地上汽车衡,,3577,43922,19568,19568
35,36,01,01,03,地上钢材秤,,3577,43922,19569,19569
35,36,01,01,04,地上轴重秤,,3577,43922,19570,19570
35,36,01,01,05,地上轮重秤,,3577,43922,19571,19571
35,36,01,01,06,地上牲畜秤,,3577,43922,19572,19572
35,36,01,01,07,地上飞机秤,,3577,43922,19573,19573
35,36,01,01,99,其他地上衡,,3577,43922,19574,19574
35,36,01,02,,地中衡,指传力机构装置置于地面之下的基坑中，以使秤台的通行面与地面平齐的、最小称量≥2t的大型平台秤；包括机械式、电子式等地中衡,3577,,19575,19575
35,36,01,02,01,地中平台秤,指2t≤称量≤10t的地中平台秤包括机械式、电子式等,3577,43922,19576,19576
35,36,01,02,02,地中汽车衡,,3577,43922,19577,19577
35,36,01,02,03,地中钢材秤,,3577,43922,19578,19578
35,36,01,02,04,地中轴重秤,,3577,43922,19579,19579
35,36,01,02,05,地中轮重秤,,3577,43922,19580,19580
35,36,01,02,06,地中牲畜秤,,3577,43922,19581,19581
35,36,01,02,07,地中飞机秤,,3577,43922,19582,19582
35,36,01,02,99,其他地中衡,,3577,43922,19583,19583
35,36,01,03,,轨道衡,指称量在轨道之上货车的车辆秤；包括机械式、电子式等轨道衡,3577,,19584,19584
35,36,01,03,01,标准轨道衡,,3577,43922,19585,19585
35,36,01,03,02,自动轨道衡,,3577,43922,19586,19586
35,36,01,03,03,静态轨道衡,,3577,43922,19587,19587
35,36,01,03,04,轻轨衡（矿车衡）,,3577,43922,19588,19588
35,36,01,03,05,煤塔秤,,3577,43922,19589,19589
35,36,01,03,99,其他轨道衡,,3577,43922,19590,19590
35,36,01,04,,料斗秤,指承载器的形状为料斗或容器的，用以称量粉、粒、块状散料或液体的各种自动秤,3577,,19591,19591
35,36,01,04,01,粮食秤,,3577,43922,19592,19592
35,36,01,04,02,液体秤,,3577,43922,19593,19593
35,36,01,04,03,容器秤,,3577,43922,19594,19594
35,36,01,04,04,配料秤,,3577,43922,19595,19595
35,36,01,04,05,秤量车,,3577,43922,19596,19596
35,36,01,04,06,灌装秤,,3577,43922,19597,19597
35,36,01,04,07,定量秤,,3577,43922,19598,19598
35,36,01,04,08,包装秤,,3577,43922,19599,19599
35,36,01,04,99,其他料斗秤,,3577,43922,19600,19600
35,36,01,05,,吊秤,指对处于自由悬吊状态下的被称物品进行称量的秤；不包括家用便携秤,3577,,19601,19601
35,36,01,05,01,有线式吊秤,,3577,43922,19602,19602
35,36,01,05,02,无线式吊秤,包括无线直示式吊秤和无线传输式吊秤,3577,43922,19603,19603
35,36,01,05,99,其他吊秤,,3577,43922,19604,19604
35,36,01,06,,皮带秤,指测定散料重量的皮带输送型连续累计的自动衡器,3577,,19605,19605
35,36,01,06,01,单托辊皮带秤,,3577,43922,19606,19606
35,36,01,06,02,多托辊皮带秤,,3577,43922,19607,19607
35,36,01,06,03,悬浮式皮带秤,,3577,43922,19608,19608
35,36,01,06,04,悬臂式皮带秤,,3577,43922,19609,19609
35,36,01,06,05,滚轮式皮带秤,,3577,43922,19610,19610
35,36,01,06,06,核子皮带秤,,3577,43922,19611,19611
35,36,01,06,99,其他皮带秤,,3577,43922,19612,19612
35,36,01,07,,分类秤,指对分立载荷（物品）进行称量并自动标记或分组的自动秤,3577,,19613,19613
35,36,01,07,01,重量检验秤,,3577,43922,19614,19614
35,36,01,07,02,重量分选秤,,3577,43922,19615,19615
35,36,01,07,03,重量标签秤,,3577,43922,19616,19616
35,36,01,07,99,其他分类秤,,3577,43922,19617,19617
35,36,01,08,,特种秤,指以上各种特殊用途的秤包括机械式、电子式等特种秤,3577,,19618,19618
35,36,01,08,01,叉车秤,,3577,43922,19619,19619
35,36,01,08,02,容重秤,,3577,43922,19620,19620
35,36,01,08,03,宝石秤,,3577,43922,19621,19621
35,36,01,08,04,病床秤,,3577,43922,19622,19622
35,36,01,08,99,其他特种秤,,3577,43922,19623,19623
35,36,01,99,00,其他工业用衡器,,3577,43922,19624,19624
35,36,02,,,商业用衡器,,3577,,19625,19625
35,36,02,01,,商业用案秤,指放在工作台上使用的小型秤（秤量≤30Kg），包括机械式案秤和电子式案秤,3577,,19626,19626
35,36,02,01,01,计价案秤,,3577,43922,19627,19627
35,36,02,01,02,计重案秤,,3577,43922,19628,19628
35,36,02,01,03,计数案秤,,3577,43922,19629,19629
35,36,02,01,04,包裹案秤,,3577,43922,19630,19630
35,36,02,01,05,信函案秤,,3577,43922,19631,19631
35,36,02,01,06,运费案秤,,3577,43922,19632,19632
35,36,02,01,07,度盘案秤,,3577,43922,19633,19633
35,36,02,01,08,百分案秤,,3577,43922,19634,19634
35,36,02,01,99,其他商业用案秤,,3577,43922,19635,19635
35,36,02,02,,商业用台秤,指承载器的上面形似一个平台且称量≥50Kg但≤1000Kg的秤，包括机械式台秤和电子式台秤,3577,,19636,19636
35,36,02,02,01,计价台秤,,3577,43922,19637,19637
35,36,02,02,02,计重台秤,,3577,43922,19638,19638
35,36,02,02,03,计数台秤,,3577,43922,19639,19639
35,36,02,02,04,包裹台秤,,3577,43922,19640,19640
35,36,02,02,05,度盘台秤,,3577,43922,19641,19641
35,36,02,02,06,百分台秤,,3577,43922,19642,19642
35,36,02,02,99,其他商业用台秤,,3577,43922,19643,19643
35,36,03,00,00,称重系统,指与其他相关设备组合起来，以特定软件、服务执行特定称量过程的衡器，包括机械式台秤和电子式台秤,3577,43922,19644,19644
35,36,04,,,家用秤,,3577,,19645,19645
35,36,04,01,00,人体秤,,3577,43922,19646,19646
35,36,04,02,00,婴儿秤,,3577,43922,19647,19647
35,36,04,03,00,配餐秤,,3577,43922,19648,19648
35,36,04,04,00,浴室秤,,3577,43922,19649,19649
35,36,04,05,00,家用便携秤,指家用或类似用途的便于携带的秤（又称口袋秤、手掌秤、袖珍秤等）,3577,43922,19650,19650
35,36,04,99,00,其他家用秤,,3577,43922,19651,19651
35,36,99,00,00,其他衡器（秤）,,3577,43922,19652,19652
35,37,,,,衡器零配件,,3577,,19653,19653
35,37,01,00,00,衡器用砝码、秤砣,,3577,43943,19654,19654
35,37,02,00,00,称重显示控制器,,3577,43943,19655,19655
35,37,03,00,00,称重传感器,,3577,43943,19656,19656
35,37,04,00,00,应变计,,3577,43943,19657,19657
35,37,99,00,00,其他衡器零配件,,3577,43943,19658,19658
35,38,,,,金属铸件,包括黑色金属和有色金属铸件,,,19670,19670
35,38,01,,,铸铁件,指无可锻性铸铁制品，包括灰铸铁、球墨铸铁、可锻铸铁、特种铸铁制品,3591,,19671,19671
35,38,01,01,,灰铸铁件,,3591,,19672,19672
35,38,01,01,01,工业用灰铸铁制品,指工业领域中各行业，如汽车、机床、重型机械、工程机城、通用机械、轻工机械、纺织机械、石化机械、航天、航空、电站、造船、机车车辆等行业用铸铁件,3591,42999,19673,19673
35,38,01,01,02,非工业用灰铸铁制品,包括消防用铸铁件、井盖井圈、供暖散热器、景观铸件等如消防栓及盖、火警柱；路旁栅栏、下水道及供水系统用铸件；电讯盖板、边侧防水盖板、进水井箅子、漏水箅子、下水道检查闸门、滤栅、阴沟盖及类似铸件等,3591,42999,19674,19674
35,38,01,02,,球墨铸铁件,,3591,,19675,19675
35,38,01,02,01,工业用球墨铸铁制品,工业应用领域同灰铸铁件,3591,42999,19676,19676
35,38,01,02,02,非工业用球墨铸铁制品,非工应用领域同灰铸铁件,3591,42999,19677,19677
35,38,01,03,,可锻铸铁件,,3591,,19678,19678
35,38,01,03,01,工业用可锻铸铁制品,,3591,42999,19679,19679
35,38,01,03,02,非工业用可锻铸铁制品,,3591,42999,19680,19680
35,38,01,04,00,特种铸铁件,包括耐热、耐磨、耐蚀铸铁件,3591,42999,19681,19681
35,38,02,,,铸钢件,指工业领域中各行业如汽车、机床、重型机械、工程机械、通用机械、轻工机械、纺织机械、石化机械、航天、航空、电站、造船机车车辆等行业用铸钢件,3591,,19682,19682
35,38,02,01,00,碳钢铸钢件,,3591,42999,19683,19683
35,38,02,02,00,合金钢铸钢件,,3591,42999,19684,19684
35,38,02,03,00,不锈钢铸钢件,,3591,42999,19685,19685
35,38,03,,,铜铸件,,3351,,19686,19686
35,38,03,01,00,工业用铜铸件,,3351,42999,19687,19687
35,38,03,02,00,非工业用铜铸件,,3351,42999,19688,19688
35,38,04,,,铝铸件,,3351,,19689,19689
35,38,04,01,00,工业用铝铸件,,3351,42999,19690,19690
35,38,04,02,00,非工业用铝铸件,,3351,42999,19691,19691
35,38,05,00,00,锌铸件,,3351,42999,19692,19692
35,38,06,00,00,镁铸件,,3351,42999,19693,19693
35,38,99,00,00,其他金属铸件,指其他金属铸造制品，包括钛等其他有色金属铸造制品,3351,42999,19694,19694
35,39,,,,锻件、粉末冶金件,,3592,,19695,19695
35,39,01,,,锻件,,3592,,19696,19696
35,39,01,01,00,模锻件,指在模锻锤、无砧座锤、模锻压机等锻造设备上闭模成形锻件,3592,,19697,19697
35,39,01,02,,自由锻件,指在自由锻锤、自由锻压机、快锻压机等锻造设备上开模、胎模成形锻件及钢锭、钢坯的开坯锻坯件等,3592,,19698,19698
35,39,01,02,01,钢锭、钢坯开坯,各种锻材,3592,42999,19699,19699
35,39,01,02,99,其他自由锻件,,3592,42999,19700,19700
35,39,01,03,00,冷锻件,,3592,42999,19701,19701
35,39,01,04,00,特殊成形锻件,指旋压成形、辊锻成形、环轧成形等特殊成形工艺成形的锻件,3592,42999,19702,19702
35,39,01,05,,有色金属锻件,,3592,,19703,19703
35,39,01,05,01,铜锻件,,3592,42999,19704,19704
35,39,01,05,02,铝锻件,,3592,42999,19705,19705
35,39,01,05,03,钛合金锻件,,3592,42999,19706,19706
35,39,01,05,99,其他有色金属锻件,,3592,42999,19707,19707
35,39,02,,,冲压件、钣金件,,3592,,19708,19708
35,39,02,01,,冲压件,,3592,,19709,19709
35,39,02,01,01,拉深件,,3592,42999,19710,19710
35,39,02,01,02,冲裁件,,3592,42999,19711,19711
35,39,02,01,99,其他冲压件,包括黑色金属和有色金属制品件,3592,42999,19712,19712
35,39,02,02,,钣金件,,3592,,19713,19713
35,39,02,02,01,汽车、摩托车等运输机械钣金件,,3592,42999,19714,19714
35,39,02,02,99,其他钣金件,,3592,42999,19715,19715
35,39,03,,,粉末冶金零件,,3592,,19716,19716
35,39,03,01,00,粉末冶金结构件,,3592,42999,19717,19717
35,39,03,02,00,粉末冶金含油轴承,,3592,42999,19718,19718
35,39,03,03,00,粉末冶金双金属制品,,3592,42999,19719,19719
35,39,03,04,00,粉末冶金摩擦片,,3592,42999,19720,19720
35,39,03,05,00,粉末冶金软、硬磁性零件,,3592,42999,19721,19721
35,99,,,,其他通用设备和零件,,,,19659,19659
35,99,01,,,其他通用设备,,3579,,,
35,99,01,01,,砑光机及类似机械,,3579,,19660,19660
35,99,01,01,01,平整机,,3579,43933,19661,19661
35,99,01,01,02,砑光机,包括橡胶砑光机、塑料砑光机、造纸砑光机等，不包括金属、玻璃砑光机,3579,43933,19662,19662
35,99,01,01,99,其他砑光机及类似机械,指其他滚压机械,3579,43933,19663,19663
35,99,01,99,00,其他未列明通用设备,,3579,43939,19669,19669
35,99,02,,,其他通用设备零件,,,,19664,19664
35,99,02,01,,砑光机零件,,,,19665,19665
35,99,02,01,01,滚筒,,3579,43943,19666,19666
35,99,02,01,02,滚压机械零件,,3579,43943,19667,19667
35,99,02,99,00,其他未列明通用设备用零件,包括非自动润滑脂壶、加脂嘴、手轮、杠杆及手柄、安全防护罩及底板、油封环、其他通用机械设备用零件,3589,43949,19668,19668